episode,reward,steps,epsilon
1.0,-105.69999999999999,58.0,0.995
2.0,-85.7,109.0,0.990025
3.0,-113.79999999999997,139.0,0.985074875
4.0,-105.0,51.0,0.9801495006250001
5.0,-105.2,53.0,0.9752487531218751
6.0,-105.2,53.0,0.9703725093562657
7.0,-101.2,13.0,0.9655206468094844
8.0,-103.4,35.0,0.960693043575437
9.0,-59.79999999999998,99.0,0.9558895783575597
10.0,-106.89999999999999,70.0,0.9511101304657719
11.0,-104.6,47.0,0.946354579813443
12.0,-101.9,20.0,0.9416228069143757
13.0,-102.2,23.0,0.9369146928798039
14.0,-106.89999999999999,70.0,0.9322301194154049
15.0,-107.89999999999999,80.0,0.9275689688183278
16.0,-58.399999999999984,85.0,0.9229311239742362
17.0,-63.999999999999964,141.0,0.918316468354365
18.0,-101.3,14.0,0.9137248860125932
19.0,-82.0,72.0,0.9091562615825302
20.0,-37.60000000000003,128.0,0.9046104802746175
21.0,-105.1,52.0,0.9000874278732445
22.0,-101.5,16.0,0.8955869907338783
23.0,-104.6,47.0,0.8911090557802088
24.0,-103.60000000000001,37.0,0.8866535105013078
25.0,-101.4,15.0,0.8822202429488013
26.0,-102.3,24.0,0.8778091417340573
27.0,-105.69999999999999,58.0,0.8734200960253871
28.0,-37.60000000000005,128.0,0.8690529955452602
29.0,-108.39999999999999,85.0,0.8647077305675338
30.0,-80.60000000000002,58.0,0.8603841919146962
31.0,-100.8,9.0,0.8560822709551227
32.0,-78.70000000000002,39.0,0.851801859600347
33.0,5.100000000000026,200.0,0.8475428503023453
34.0,-101.1,12.0,0.8433051360508336
35.0,-106.19999999999999,63.0,0.8390886103705794
36.0,-38.89999999999999,141.0,0.8348931673187264
37.0,-102.5,26.0,0.8307187014821328
38.0,-105.6,57.0,0.8265651079747222
39.0,-68.00000000000003,183.0,0.8224322824348486
40.0,-113.69999999999996,138.0,0.8183201210226743
41.0,-62.29999999999997,124.0,0.8142285204175609
42.0,-101.4,15.0,0.810157377815473
43.0,-78.50000000000001,37.0,0.8061065909263957
44.0,-103.9,40.0,0.8020760579717637
45.0,-103.60000000000001,37.0,0.798065677681905
46.0,-102.5,26.0,0.7940753492934954
47.0,-103.4,35.0,0.7901049725470279
48.0,-39.00000000000007,142.0,0.7861544476842928
49.0,-106.39999999999999,65.0,0.7822236754458713
50.0,-107.39999999999999,75.0,0.778312557068642
51.0,-105.0,51.0,0.7744209942832988
52.0,-66.00000000000017,163.0,0.7705488893118823
53.0,-104.4,45.0,0.7666961448653229
54.0,-106.5,66.0,0.7628626641409962
55.0,-103.60000000000001,37.0,0.7590483508202912
56.0,-102.3,24.0,0.7552531090661897
57.0,-103.1,32.0,0.7514768435208588
58.0,-104.3,44.0,0.7477194593032545
59.0,-102.2,23.0,0.7439808620067382
60.0,-62.59999999999997,127.0,0.7402609576967045
61.0,-102.2,23.0,0.736559652908221
62.0,-101.5,16.0,0.7328768546436799
63.0,-100.9,10.0,0.7292124703704616
64.0,-107.6,77.0,0.7255664080186093
65.0,-107.99999999999999,81.0,0.7219385759785162
66.0,-101.4,15.0,0.7183288830986236
67.0,-101.5,16.0,0.7147372386831305
68.0,-107.39999999999999,75.0,0.7111635524897149
69.0,5.099999999999998,200.0,0.7076077347272662
70.0,-102.9,30.0,0.7040696960536299
71.0,-65.70000000000013,160.0,0.7005493475733617
72.0,-100.9,10.0,0.697046600835495
73.0,-86.00000000000006,112.0,0.6935613678313175
74.0,-102.6,27.0,0.6900935609921609
75.0,-109.99999999999999,101.0,0.6866430931872001
76.0,-101.9,20.0,0.6832098777212641
77.0,5.100000000000026,200.0,0.6797938283326578
78.0,-112.09999999999997,122.0,0.6763948591909945
79.0,-103.5,36.0,0.6730128848950395
80.0,-20.000000000000014,200.0,0.6696478204705644
81.0,5.099999999999945,200.0,0.6662995813682115
82.0,-109.19999999999999,93.0,0.6629680834613705
83.0,-104.5,46.0,0.6596532430440636
84.0,-106.39999999999999,65.0,0.6563549768288433
85.0,-101.9,20.0,0.653073201944699
86.0,-104.6,47.0,0.6498078359349755
87.0,-100.7,8.0,0.6465587967553006
88.0,-108.99999999999999,91.0,0.6433260027715241
89.0,-88.1000000000001,133.0,0.6401093727576664
90.0,-111.69999999999997,118.0,0.6369088258938781
91.0,-79.90000000000003,51.0,0.6337242817644086
92.0,-87.90000000000003,131.0,0.6305556603555866
93.0,-101.2,13.0,0.6274028820538087
94.0,-101.0,11.0,0.6242658676435396
95.0,-107.49999999999999,76.0,0.6211445383053219
96.0,-101.5,16.0,0.6180388156137953
97.0,-111.29999999999998,114.0,0.6149486215357263
98.0,-101.0,11.0,0.6118738784280476
99.0,-69.00000000000006,193.0,0.6088145090359074
100.0,-105.2,53.0,0.6057704364907278
101.0,-102.0,21.0,0.6027415843082742
102.0,-104.8,49.0,0.5997278763867329
103.0,-100.9,10.0,0.5967292370047992
104.0,-101.9,20.0,0.5937455908197752
105.0,-104.2,43.0,0.5907768628656763
106.0,-101.1,12.0,0.5878229785513479
107.0,-117.89999999999998,180.0,0.5848838636585911
108.0,-101.4,15.0,0.5819594443402982
109.0,-56.50000000000005,68.0,0.5790496471185967
110.0,-112.09999999999997,122.0,0.5761543988830038
111.0,-103.2,33.0,0.5732736268885887
112.0,-103.4,35.0,0.5704072587541458
113.0,-107.49999999999999,76.0,0.567555222460375
114.0,-106.8,69.0,0.5647174463480732
115.0,-86.40000000000006,116.0,0.5618938591163328
116.0,-88.60000000000004,138.0,0.5590843898207511
117.0,-100.5,6.0,0.5562889678716474
118.0,-104.3,44.0,0.5535075230322891
119.0,-81.90000000000005,71.0,0.5507399854171277
120.0,-20.000000000000014,200.0,0.547986285490042
121.0,5.100000000000039,200.0,0.5452463540625918
122.0,-93.79999999999995,190.0,0.5425201222922789
123.0,-86.50000000000009,117.0,0.5398075216808175
124.0,-104.9,50.0,0.5371084840724134
125.0,-106.0,61.0,0.5344229416520513
126.0,-108.59999999999998,87.0,0.531750826943791
127.0,-101.4,15.0,0.5290920728090721
128.0,-102.1,22.0,0.5264466124450268
129.0,-101.9,20.0,0.5238143793828016
130.0,-106.8,69.0,0.5211953074858876
131.0,-100.5,6.0,0.5185893309484582
132.0,-109.99999999999999,101.0,0.5159963842937159
133.0,-103.0,31.0,0.5134164023722473
134.0,-104.1,42.0,0.510849320360386
135.0,-20.000000000000014,200.0,0.5082950737585841
136.0,-105.39999999999999,55.0,0.5057535983897912
137.0,-64.69999999999996,148.0,0.5032248303978422
138.0,-44.300000000000026,195.0,0.500708706245853
139.0,-100.6,7.0,0.4982051627146237
140.0,-107.29999999999998,74.0,0.49571413690105054
141.0,-104.3,44.0,0.4932355662165453
142.0,30.199999999999967,200.0,0.4907693883854626
143.0,-101.4,15.0,0.4883155414435353
144.0,5.099999999999966,200.0,0.4858739637363176
145.0,5.100000000000055,200.0,0.483444593917636
146.0,-82.80000000000001,80.0,0.4810273709480478
147.0,-104.7,48.0,0.47862223409330756
148.0,-103.1,32.0,0.47622912292284103
149.0,-102.0,21.0,0.4738479773082268
150.0,-102.1,22.0,0.47147873742168567
151.0,-106.1,62.0,0.46912134373457726
152.0,-101.4,15.0,0.46677573701590436
153.0,-101.6,17.0,0.46444185833082485
154.0,5.100000000000055,200.0,0.46211964903917074
155.0,-102.0,21.0,0.4598090507939749
156.0,-101.8,19.0,0.457510005540005
157.0,-110.09999999999998,102.0,0.45522245551230495
158.0,-59.09999999999998,92.0,0.4529463432347434
159.0,-41.80000000000007,170.0,0.4506816115185697
160.0,-92.10000000000007,173.0,0.4484282034609769
161.0,-43.90000000000003,191.0,0.446186062443672
162.0,-40.90000000000006,161.0,0.4439551321314536
163.0,-64.30000000000018,146.0,0.4417353564707963
164.0,-103.0,31.0,0.43952667968844233
165.0,-101.0,11.0,0.43732904629000013
166.0,-103.7,38.0,0.4351424010585501
167.0,-102.6,27.0,0.43296668905325736
168.0,-105.5,56.0,0.43080185560799106
169.0,-103.4,35.0,0.4286478463299511
170.0,-105.5,56.0,0.42650460709830135
171.0,-102.5,26.0,0.42437208406280985
172.0,-20.000000000000014,200.0,0.4222502236424958
173.0,-102.7,28.0,0.42013897252428334
174.0,-101.9,20.0,0.4180382776616619
175.0,-107.29999999999998,74.0,0.4159480862733536
176.0,-102.3,24.0,0.41386834584198684
177.0,-115.59999999999997,157.0,0.4117990041127769
178.0,-105.2,53.0,0.40974000909221303
179.0,-102.2,23.0,0.40769130904675194
180.0,-103.5,36.0,0.40565285250151817
181.0,-86.2000000000001,114.0,0.4036245882390106
182.0,-106.19999999999999,63.0,0.4016064652978155
183.0,-100.9,10.0,0.3995984329713264
184.0,-110.89999999999998,110.0,0.3976004408064698
185.0,5.0999999999999766,200.0,0.39561243860243744
186.0,-105.5,56.0,0.3936343764094253
187.0,-104.5,46.0,0.39166620452737816
188.0,-20.000000000000014,200.0,0.3897078735047413
189.0,5.100000000000055,200.0,0.3877593341372176
190.0,-91.09999999999997,163.0,0.3858205374665315
191.0,-78.20000000000002,34.0,0.38389143477919885
192.0,5.099999999999959,200.0,0.3819719776053028
193.0,-102.3,24.0,0.3800621177172763
194.0,-88.50000000000003,137.0,0.37816180712868996
195.0,-67.3000000000001,176.0,0.37627099809304654
196.0,-112.69999999999997,128.0,0.3743896431025813
197.0,-89.09999999999997,143.0,0.37251769488706843
198.0,-101.7,18.0,0.3706551064126331
199.0,-108.29999999999998,84.0,0.36880183088056995
200.0,-64.69999999999996,148.0,0.3669578217261671
201.0,-100.4,5.0,0.36512303261753626
202.0,-102.6,27.0,0.3632974174544486
203.0,-110.69999999999997,108.0,0.3614809303671764
204.0,-100.8,9.0,0.3596735257153405
205.0,-101.1,12.0,0.3578751580867638
206.0,-67.49999999999997,176.0,0.35608578229633
207.0,-90.7,159.0,0.3543053533848483
208.0,-60.09999999999998,102.0,0.35253382661792404
209.0,-105.5,56.0,0.3507711574848344
210.0,-101.5,16.0,0.34901730169741024
211.0,-20.000000000000014,200.0,0.3472722151889232
212.0,-92.39999999999995,176.0,0.3455358541129786
213.0,-108.79999999999998,89.0,0.3438081748424137
214.0,-106.3,64.0,0.3420891339682016
215.0,-109.49999999999999,96.0,0.3403786882983606
216.0,-102.8,29.0,0.3386767948568688
217.0,5.100000000000053,200.0,0.33698341088258443
218.0,-104.6,47.0,0.3352984938281715
219.0,-102.5,26.0,0.33362200135903064
220.0,-103.1,32.0,0.33195389135223546
221.0,-100.6,7.0,0.3302941218954743
222.0,-83.70000000000007,89.0,0.32864265128599696
223.0,-103.2,33.0,0.326999438029567
224.0,-102.7,28.0,0.3253644408394192
225.0,-104.3,44.0,0.3237376186352221
226.0,-41.79999999999997,170.0,0.322118930542046
227.0,-106.99999999999999,71.0,0.32050833588933575
228.0,-62.59999999999997,127.0,0.31890579420988907
229.0,-103.2,33.0,0.3173112652388396
230.0,-20.000000000000014,200.0,0.3157247089126454
231.0,-101.3,14.0,0.3141460853680822
232.0,-110.89999999999998,110.0,0.3125753549412418
233.0,-20.000000000000014,200.0,0.31101247816653554
234.0,-102.1,22.0,0.30945741577570285
235.0,-63.29999999999997,134.0,0.3079101286968243
236.0,5.100000000000055,200.0,0.3063705780533402
237.0,5.099999999999998,200.0,0.30483872516307353
238.0,30.199999999999825,200.0,0.3033145315372582
239.0,-103.7,38.0,0.3017979588795719
240.0,-20.000000000000014,200.0,0.30028896908517405
241.0,5.100000000000012,200.0,0.2987875242397482
242.0,-39.70000000000005,149.0,0.29729358661854943
243.0,5.099999999999952,200.0,0.29580711868545667
244.0,5.099999999999959,200.0,0.2943280830920294
245.0,-104.1,42.0,0.29285644267656924
246.0,-105.0,51.0,0.2913921604631864
247.0,-107.69999999999999,78.0,0.28993519966087045
248.0,-110.89999999999998,110.0,0.2884855236625661
249.0,-20.000000000000014,200.0,0.28704309604425327
250.0,5.100000000000012,200.0,0.285607880564032
251.0,-101.4,15.0,0.28417984116121187
252.0,-44.599999999999945,198.0,0.2827589419554058
253.0,-63.49999999999997,136.0,0.28134514724562876
254.0,-111.39999999999998,115.0,0.2799384215094006
255.0,-115.89999999999996,160.0,0.27853872940185365
256.0,-69.60000000000001,197.0,0.27714603575484437
257.0,-20.000000000000014,200.0,0.2757603055760701
258.0,-20.000000000000014,200.0,0.2743815040481898
259.0,5.100000000000055,200.0,0.2730095965279488
260.0,-20.000000000000014,200.0,0.27164454854530906
261.0,-20.000000000000014,200.0,0.2702863258025825
262.0,-20.000000000000014,200.0,0.2689348941735696
263.0,-20.000000000000014,200.0,0.26759021970270175
264.0,-20.000000000000014,200.0,0.2662522686041882
265.0,-108.99999999999999,91.0,0.2649210072611673
266.0,-110.59999999999998,107.0,0.26359640222486147
267.0,5.100000000000049,200.0,0.26227842021373715
268.0,-101.8,19.0,0.2609670281126685
269.0,5.099999999999962,200.0,0.25966219297210513
270.0,5.100000000000026,200.0,0.2583638820072446
271.0,5.100000000000055,200.0,0.2570720625972084
272.0,-104.9,50.0,0.25578670228422234
273.0,-20.000000000000014,200.0,0.25450776877280124
274.0,-20.000000000000014,200.0,0.2532352299289372
275.0,5.100000000000048,200.0,0.2519690537792925
276.0,-114.39999999999996,145.0,0.2507092085103961
277.0,-115.79999999999995,159.0,0.2494556624678441
278.0,5.099999999999998,200.0,0.24820838415550486
279.0,-102.0,21.0,0.24696734223472733
280.0,30.199999999999946,200.0,0.2457325055235537
281.0,-103.60000000000001,37.0,0.24450384299593592
282.0,-107.49999999999999,76.0,0.24328132378095624
283.0,-108.1,82.0,0.24206491716205145
284.0,-112.19999999999997,123.0,0.2408545925762412
285.0,-108.89999999999998,90.0,0.23965031961336
286.0,-101.0,11.0,0.2384520680152932
287.0,-104.2,43.0,0.23725980767521673
288.0,-118.1,182.0,0.23607350863684065
289.0,-107.39999999999999,75.0,0.23489314109365644
290.0,-103.4,35.0,0.23371867538818816
291.0,-103.1,32.0,0.23255008201124722
292.0,-101.8,19.0,0.231387331601191
293.0,-104.1,42.0,0.23023039494318503
294.0,-20.000000000000014,200.0,0.2290792429684691
295.0,-64.39999999999996,145.0,0.22793384675362674
296.0,-104.3,44.0,0.22679417751985861
297.0,-63.29999999999997,134.0,0.22566020663225933
298.0,-57.39999999999999,75.0,0.22453190559909803
299.0,5.100000000000039,200.0,0.22340924607110255
300.0,-69.30000000000001,194.0,0.22229219984074702
301.0,-56.3,64.0,0.2211807388415433
302.0,-111.79999999999997,119.0,0.22007483514733558
303.0,-20.000000000000014,200.0,0.2189744609715989
304.0,5.100000000000033,200.0,0.2178795886667409
305.0,5.100000000000055,200.0,0.2167901907234072
306.0,-114.09999999999997,142.0,0.21570623976979014
307.0,5.100000000000055,200.0,0.21462770857094118
308.0,-86.00000000000009,112.0,0.21355457002808648
309.0,-20.000000000000014,200.0,0.21248679717794605
310.0,-94.79999999999998,200.0,0.21142436319205632
311.0,-20.000000000000014,200.0,0.21036724137609603
312.0,5.099999999999998,200.0,0.20931540516921554
313.0,-20.000000000000014,200.0,0.20826882814336947
314.0,-61.199999999999974,113.0,0.20722748400265262
315.0,-20.000000000000014,200.0,0.20619134658263935
316.0,-39.40000000000001,146.0,0.20516038984972615
317.0,5.0999999999999766,200.0,0.2041345879004775
318.0,-118.29999999999998,184.0,0.2031139149609751
319.0,5.100000000000026,200.0,0.20209834538617025
320.0,5.100000000000055,200.0,0.2010878536592394
321.0,5.0999999999999766,200.0,0.2000824143909432
322.0,-67.10000000000016,174.0,0.19908200231898848
323.0,5.100000000000037,200.0,0.19808659230739353
324.0,-102.3,24.0,0.19709615934585656
325.0,-105.1,52.0,0.19611067854912728
326.0,-114.19999999999996,143.0,0.19513012515638165
327.0,-103.8,39.0,0.19415447453059972
328.0,-104.7,48.0,0.19318370215794672
329.0,5.100000000000005,200.0,0.192217783647157
330.0,-42.50000000000003,177.0,0.1912566947289212
331.0,5.100000000000037,200.0,0.1903004112552766
332.0,-57.39999999999999,75.0,0.18934890919900021
333.0,-60.49999999999998,106.0,0.18840216465300522
334.0,-60.19999999999998,103.0,0.18746015382974018
335.0,-84.40000000000008,96.0,0.1865228530605915
336.0,-88.6000000000001,138.0,0.18559023879528855
337.0,-20.000000000000014,200.0,0.1846622876013121
338.0,-58.09999999999999,82.0,0.18373897616330553
339.0,-20.000000000000014,200.0,0.182820281282489
340.0,-86.3000000000001,115.0,0.18190617987607657
341.0,-90.50000000000004,157.0,0.18099664897669618
342.0,5.100000000000026,200.0,0.1800916657318127
343.0,-38.700000000000045,139.0,0.17919120740315364
344.0,-84.3000000000001,95.0,0.17829525136613786
345.0,-20.000000000000014,200.0,0.17740377510930716
346.0,-20.000000000000014,200.0,0.17651675623376062
347.0,-112.89999999999998,130.0,0.1756341724525918
348.0,-88.3000000000001,135.0,0.17475600159032884
349.0,-20.000000000000014,200.0,0.17388222158237718
350.0,-20.000000000000014,200.0,0.1730128104744653
351.0,-105.0,51.0,0.17214774642209296
352.0,5.100000000000055,200.0,0.1712870076899825
353.0,-116.49999999999997,166.0,0.17043057265153258
354.0,5.099999999999952,200.0,0.16957841978827493
355.0,-93.20000000000007,184.0,0.16873052768933355
356.0,5.0999999999999694,200.0,0.1678868750508869
357.0,5.099999999999941,200.0,0.16704744067563246
358.0,-89.10000000000008,143.0,0.1662122034722543
359.0,-39.40000000000007,146.0,0.16538114245489302
360.0,-108.39999999999999,85.0,0.16455423674261854
361.0,-61.89999999999998,120.0,0.16373146555890544
362.0,-66.79999999999997,169.0,0.16291280823111093
363.0,-100.9,10.0,0.16209824418995536
364.0,-20.000000000000014,200.0,0.16128775296900558
365.0,-20.000000000000014,200.0,0.16048131420416054
366.0,-89.59999999999997,148.0,0.15967890763313974
367.0,-20.000000000000014,200.0,0.15888051309497406
368.0,-100.7,8.0,0.1580861105294992
369.0,-100.9,10.0,0.1572956799768517
370.0,-119.4,195.0,0.15650920157696743
371.0,5.100000000000016,200.0,0.1557266555690826
372.0,-107.89999999999999,80.0,0.1549480222912372
373.0,-20.000000000000014,200.0,0.15417328217978102
374.0,-20.000000000000014,200.0,0.1534024157688821
375.0,-104.4,45.0,0.1526354036900377
376.0,-104.2,43.0,0.1518722266715875
377.0,-114.29999999999997,144.0,0.15111286553822956
378.0,5.099999999999994,200.0,0.15035730121053842
379.0,-100.7,8.0,0.14960551470448571
380.0,-20.000000000000014,200.0,0.14885748713096328
381.0,-20.000000000000014,200.0,0.14811319969530845
382.0,-106.0,61.0,0.1473726336968319
383.0,-20.000000000000014,200.0,0.14663577052834775
384.0,-20.000000000000014,200.0,0.14590259167570602
385.0,-20.000000000000014,200.0,0.1451730787173275
386.0,-107.89999999999999,80.0,0.14444721332374086
387.0,-20.000000000000014,200.0,0.14372497725712216
388.0,-101.7,18.0,0.14300635237083656
389.0,-106.3,64.0,0.14229132060898236
390.0,-20.000000000000014,200.0,0.14157986400593744
391.0,-105.3,54.0,0.14087196468590776
392.0,-20.000000000000014,200.0,0.14016760486247823
393.0,-101.5,16.0,0.13946676683816583
394.0,5.100000000000026,200.0,0.138769433003975
395.0,-20.000000000000014,200.0,0.13807558583895513
396.0,-100.9,10.0,0.13738520790976036
397.0,-20.000000000000014,200.0,0.13669828187021155
398.0,5.100000000000042,200.0,0.13601479046086049
399.0,5.100000000000046,200.0,0.1353347165085562
400.0,-107.99999999999999,81.0,0.1346580429260134
401.0,-20.000000000000014,200.0,0.13398475271138335
402.0,-20.000000000000014,200.0,0.13331482894782642
403.0,-20.000000000000014,200.0,0.13264825480308728
404.0,5.100000000000055,200.0,0.13198501352907185
405.0,-20.000000000000014,200.0,0.1313250884614265
406.0,-20.000000000000014,200.0,0.13066846301911936
407.0,-20.000000000000014,200.0,0.13001512070402377
408.0,-20.000000000000014,200.0,0.12936504510050365
409.0,-20.000000000000014,200.0,0.12871821987500112
410.0,-20.000000000000014,200.0,0.12807462877562611
411.0,-20.000000000000014,200.0,0.12743425563174798
412.0,-63.999999999999964,141.0,0.12679708435358925
413.0,-20.000000000000014,200.0,0.1261630989318213
414.0,5.0999999999999375,200.0,0.1255322834371622
415.0,-20.000000000000014,200.0,0.12490462201997637
416.0,-20.000000000000014,200.0,0.1242800989098765
417.0,-20.000000000000014,200.0,0.12365869841532712
418.0,-20.000000000000014,200.0,0.12304040492325048
419.0,-106.69999999999999,68.0,0.12242520289863423
420.0,-20.000000000000014,200.0,0.12181307688414106
421.0,-103.2,33.0,0.12120401149972035
422.0,5.100000000000001,200.0,0.12059799144222175
423.0,-20.000000000000014,200.0,0.11999500148501063
424.0,-108.19999999999999,83.0,0.11939502647758558
425.0,-20.000000000000014,200.0,0.11879805134519765
426.0,-20.000000000000014,200.0,0.11820406108847166
427.0,-20.000000000000014,200.0,0.1176130407830293
428.0,-109.19999999999999,93.0,0.11702497557911415
429.0,-110.39999999999998,105.0,0.11643985070121858
430.0,-103.1,32.0,0.11585765144771248
431.0,-20.000000000000014,200.0,0.11527836319047392
432.0,5.1000000000000405,200.0,0.11470197137452155
433.0,-20.000000000000014,200.0,0.11412846151764894
434.0,-63.999999999999964,141.0,0.1135578192100607
435.0,-20.000000000000014,200.0,0.11299003011401039
436.0,-20.000000000000014,200.0,0.11242507996344034
437.0,5.099999999999998,200.0,0.11186295456362313
438.0,-106.69999999999999,68.0,0.11130363979080501
439.0,-20.000000000000014,200.0,0.11074712159185099
440.0,-20.000000000000014,200.0,0.11019338598389174
441.0,-20.000000000000014,200.0,0.10964241905397228
442.0,-20.000000000000014,200.0,0.10909420695870241
443.0,-118.29999999999998,184.0,0.1085487359239089
444.0,-106.39999999999999,65.0,0.10800599224428936
445.0,-106.19999999999999,63.0,0.10746596228306791
446.0,-102.6,27.0,0.10692863247165257
447.0,-106.89999999999999,70.0,0.1063939893092943
448.0,-106.1,62.0,0.10586201936274783
449.0,-20.000000000000014,200.0,0.10533270926593409
450.0,-20.000000000000014,200.0,0.10480604571960442
451.0,-20.000000000000014,200.0,0.1042820154910064
452.0,-20.000000000000014,200.0,0.10376060541355137
453.0,5.100000000000055,200.0,0.1032418023864836
454.0,5.100000000000042,200.0,0.10272559337455119
455.0,5.100000000000023,200.0,0.10221196540767843
456.0,5.09999999999998,200.0,0.10170090558064004
457.0,5.100000000000055,200.0,0.10119240105273684
458.0,5.100000000000026,200.0,0.10068643904747315
459.0,-102.4,25.0,0.10018300685223579
460.0,-20.000000000000014,200.0,0.0996820918179746
461.0,-20.000000000000014,200.0,0.09918368135888474
462.0,30.199999999999754,200.0,0.09868776295209031
463.0,-103.2,33.0,0.09819432413732986
464.0,-100.6,7.0,0.09770335251664321
465.0,-20.000000000000014,200.0,0.09721483575406
466.0,-110.39999999999998,105.0,0.09672876157528969
467.0,-111.39999999999998,115.0,0.09624511776741324
468.0,-113.99999999999997,141.0,0.09576389217857617
469.0,-67.19999999999997,173.0,0.09528507271768329
470.0,-20.000000000000014,200.0,0.09480864735409487
471.0,-20.000000000000014,200.0,0.0943346041173244
472.0,-101.1,12.0,0.09386293109673778
473.0,-20.000000000000014,200.0,0.09339361644125409
474.0,-101.8,19.0,0.09292664835904782
475.0,-20.000000000000014,200.0,0.09246201511725258
476.0,-105.6,57.0,0.09199970504166631
477.0,-102.9,30.0,0.09153970651645797
478.0,-20.000000000000014,200.0,0.09108200798387568
479.0,-20.000000000000014,200.0,0.0906265979439563
480.0,-113.19999999999997,133.0,0.09017346495423652
481.0,-20.000000000000014,200.0,0.08972259762946533
482.0,-20.000000000000014,200.0,0.089273984641318
483.0,-105.8,59.0,0.0888276147181114
484.0,-20.000000000000014,200.0,0.08838347664452084
485.0,5.100000000000055,200.0,0.08794155926129824
486.0,-20.000000000000014,200.0,0.08750185146499175
487.0,5.100000000000005,200.0,0.08706434220766679
488.0,-101.2,13.0,0.08662902049662846
489.0,-103.9,40.0,0.08619587539414532
490.0,-106.69999999999999,68.0,0.08576489601717459
491.0,-20.000000000000014,200.0,0.08533607153708872
492.0,-102.7,28.0,0.08490939117940327
493.0,5.099999999999996,200.0,0.08448484422350626
494.0,-20.000000000000014,200.0,0.08406242000238873
495.0,-20.000000000000014,200.0,0.08364210790237678
496.0,-20.000000000000014,200.0,0.0832238973628649
497.0,-20.000000000000014,200.0,0.08280777787605056
498.0,5.099999999999962,200.0,0.08239373898667031
499.0,-20.000000000000014,200.0,0.08198177029173696
500.0,-20.000000000000014,200.0,0.08157186144027828
501.0,-20.000000000000014,200.0,0.0811640021330769
502.0,-20.000000000000014,200.0,0.08075818212241151
503.0,-20.000000000000014,200.0,0.08035439121179945
504.0,-20.000000000000014,200.0,0.07995261925574046
505.0,-109.99999999999999,101.0,0.07955285615946175
506.0,-20.000000000000014,200.0,0.07915509187866444
507.0,-20.000000000000014,200.0,0.07875931641927113
508.0,-20.000000000000014,200.0,0.07836551983717477
509.0,-115.39999999999996,155.0,0.07797369223798889
510.0,-102.9,30.0,0.07758382377679894
511.0,5.099999999999998,200.0,0.07719590465791494
512.0,-20.000000000000014,200.0,0.07680992513462537
513.0,-20.000000000000014,200.0,0.07642587550895225
514.0,-107.19999999999999,73.0,0.07604374613140748
515.0,-107.69999999999999,78.0,0.07566352740075044
516.0,-20.000000000000014,200.0,0.07528520976374668
517.0,-20.000000000000014,200.0,0.07490878371492794
518.0,-20.000000000000014,200.0,0.0745342397963533
519.0,-20.000000000000014,200.0,0.07416156859737154
520.0,-20.000000000000014,200.0,0.07379076075438468
521.0,5.100000000000055,200.0,0.07342180695061275
522.0,30.199999999999818,200.0,0.07305469791585968
523.0,5.100000000000055,200.0,0.07268942442628039
524.0,5.100000000000012,200.0,0.07232597730414898
525.0,-20.000000000000014,200.0,0.07196434741762824
526.0,-20.000000000000014,200.0,0.0716045256805401
527.0,-114.39999999999996,145.0,0.0712465030521374
528.0,-103.5,36.0,0.0708902705368767
529.0,-110.69999999999997,108.0,0.07053581918419231
530.0,-20.000000000000014,200.0,0.07018314008827135
531.0,5.100000000000055,200.0,0.06983222438783
532.0,5.100000000000055,200.0,0.06948306326589085
533.0,-20.000000000000014,200.0,0.0691356479495614
534.0,5.100000000000019,200.0,0.06878996970981359
535.0,5.0999999999999766,200.0,0.06844601986126451
536.0,-94.39999999999995,196.0,0.06810378976195819
537.0,-114.29999999999997,144.0,0.0677632708131484
538.0,-20.000000000000014,200.0,0.06742445445908266
539.0,-20.000000000000014,200.0,0.06708733218678724
540.0,-20.000000000000014,200.0,0.0667518955258533
541.0,-20.000000000000014,200.0,0.06641813604822402
542.0,-20.000000000000014,200.0,0.0660860453679829
543.0,-110.99999999999997,111.0,0.06575561514114299
544.0,-20.000000000000014,200.0,0.06542683706543727
545.0,-20.000000000000014,200.0,0.06509970288011008
546.0,-102.0,21.0,0.06477420436570952
547.0,5.099999999999987,200.0,0.06445033334388098
548.0,-101.6,17.0,0.06412808167716157
549.0,-20.000000000000014,200.0,0.06380744126877576
550.0,-101.8,19.0,0.06348840406243188
551.0,-100.9,10.0,0.06317096204211972
552.0,-20.000000000000014,200.0,0.06285510723190912
553.0,-108.29999999999998,84.0,0.06254083169574957
554.0,-20.000000000000014,200.0,0.062228127537270826
555.0,-20.000000000000014,200.0,0.06191698689958447
556.0,-109.89999999999998,100.0,0.061607401965086545
557.0,-20.000000000000014,200.0,0.06129936495526111
558.0,-106.3,64.0,0.0609928681304848
559.0,-103.4,35.0,0.060687903789832374
560.0,-115.99999999999996,161.0,0.06038446427088321
561.0,-110.49999999999997,106.0,0.06008254194952879
562.0,-20.000000000000014,200.0,0.05978212923978115
563.0,-67.49999999999997,176.0,0.05948321859358224
564.0,-20.000000000000014,200.0,0.05918580250061433
565.0,-82.20000000000003,74.0,0.058889873488111255
566.0,-105.89999999999999,60.0,0.058595424120670696
567.0,-108.49999999999999,86.0,0.05830244700006734
568.0,-102.3,24.0,0.058010934765067
569.0,-104.3,44.0,0.05772088009124167
570.0,-20.000000000000014,200.0,0.05743227569078546
571.0,5.100000000000055,200.0,0.05714511431233153
572.0,-20.000000000000014,200.0,0.05685938874076987
573.0,5.100000000000055,200.0,0.056575091797066025
574.0,-107.29999999999998,74.0,0.056292216338080694
575.0,-104.9,50.0,0.05601075525639029
576.0,-20.000000000000014,200.0,0.05573070148010834
577.0,5.100000000000055,200.0,0.0554520479727078
578.0,5.100000000000055,200.0,0.05517478773284426
579.0,-103.3,34.0,0.05489891379418004
580.0,-20.000000000000014,200.0,0.05462441922520914
581.0,-20.000000000000014,200.0,0.0543512971290831
582.0,-20.000000000000014,200.0,0.05407954064343768
583.0,-20.000000000000014,200.0,0.05380914294022049
584.0,-20.000000000000014,200.0,0.05354009722551939
585.0,-67.19999999999997,173.0,0.05327239673939179
586.0,-68.19999999999999,183.0,0.053006034755694834
587.0,-20.000000000000014,200.0,0.052741004581916356
588.0,-57.69999999999999,78.0,0.052477299559006776
589.0,-20.000000000000014,200.0,0.052214913061211746
590.0,-114.59999999999997,147.0,0.05195383849590569
591.0,-20.000000000000014,200.0,0.05169406930342616
592.0,-20.000000000000014,200.0,0.05143559895690903
593.0,-20.000000000000014,200.0,0.051178420962124486
594.0,-119.1,192.0,0.05092252885731386
595.0,-20.000000000000014,200.0,0.05066791621302729
596.0,5.100000000000049,200.0,0.05041457663196215
597.0,-20.000000000000014,200.0,0.050162503748802344
598.0,-20.000000000000014,200.0,0.05
599.0,5.100000000000012,200.0,0.05
600.0,-20.000000000000014,200.0,0.05
601.0,-20.000000000000014,200.0,0.05
602.0,-20.000000000000014,200.0,0.05
603.0,-59.499999999999986,96.0,0.05
604.0,-20.000000000000014,200.0,0.05
605.0,-20.000000000000014,200.0,0.05
606.0,-20.000000000000014,200.0,0.05
607.0,-20.000000000000014,200.0,0.05
608.0,-20.000000000000014,200.0,0.05
609.0,-20.000000000000014,200.0,0.05
610.0,-20.000000000000014,200.0,0.05
611.0,-20.000000000000014,200.0,0.05
612.0,-20.000000000000014,200.0,0.05
613.0,-20.000000000000014,200.0,0.05
614.0,-20.000000000000014,200.0,0.05
615.0,-68.9,190.0,0.05
616.0,-20.000000000000014,200.0,0.05
617.0,-20.000000000000014,200.0,0.05
618.0,-20.000000000000014,200.0,0.05
619.0,-20.000000000000014,200.0,0.05
620.0,-104.1,42.0,0.05
621.0,-20.000000000000014,200.0,0.05
622.0,-20.000000000000014,200.0,0.05
623.0,-109.89999999999998,100.0,0.05
624.0,-117.89999999999998,180.0,0.05
625.0,5.099999999999948,200.0,0.05
626.0,-20.000000000000014,200.0,0.05
627.0,-113.29999999999997,134.0,0.05
628.0,-20.000000000000014,200.0,0.05
629.0,-20.000000000000014,200.0,0.05
630.0,-20.000000000000014,200.0,0.05
631.0,-59.79999999999998,99.0,0.05
632.0,-20.000000000000014,200.0,0.05
633.0,-20.000000000000014,200.0,0.05
634.0,-20.000000000000014,200.0,0.05
635.0,-20.000000000000014,200.0,0.05
636.0,-20.000000000000014,200.0,0.05
637.0,-20.000000000000014,200.0,0.05
638.0,-20.000000000000014,200.0,0.05
639.0,-20.000000000000014,200.0,0.05
640.0,-20.000000000000014,200.0,0.05
641.0,-20.000000000000014,200.0,0.05
642.0,-20.000000000000014,200.0,0.05
643.0,-20.000000000000014,200.0,0.05
644.0,5.100000000000005,200.0,0.05
645.0,-20.000000000000014,200.0,0.05
646.0,5.100000000000026,200.0,0.05
647.0,-20.000000000000014,200.0,0.05
648.0,5.100000000000039,200.0,0.05
649.0,5.099999999999955,200.0,0.05
650.0,-105.89999999999999,60.0,0.05
651.0,-20.000000000000014,200.0,0.05
652.0,5.100000000000001,200.0,0.05
653.0,5.100000000000055,200.0,0.05
654.0,5.0999999999999694,200.0,0.05
655.0,-20.000000000000014,200.0,0.05
656.0,5.1000000000000405,200.0,0.05
657.0,5.1000000000000085,200.0,0.05
658.0,5.099999999999959,200.0,0.05
659.0,5.100000000000055,200.0,0.05
660.0,5.0999999999999766,200.0,0.05
661.0,5.1000000000000085,200.0,0.05
662.0,5.100000000000049,200.0,0.05
663.0,5.099999999999998,200.0,0.05
664.0,5.0999999999999375,200.0,0.05
665.0,-20.000000000000014,200.0,0.05
666.0,5.099999999999948,200.0,0.05
667.0,5.100000000000019,200.0,0.05
668.0,-20.000000000000014,200.0,0.05
669.0,-20.000000000000014,200.0,0.05
670.0,-103.5,36.0,0.05
671.0,-20.000000000000014,200.0,0.05
672.0,-20.000000000000014,200.0,0.05
673.0,-20.000000000000014,200.0,0.05
674.0,-101.1,12.0,0.05
675.0,-20.000000000000014,200.0,0.05
676.0,-20.000000000000014,200.0,0.05
677.0,-20.000000000000014,200.0,0.05
678.0,-20.000000000000014,200.0,0.05
679.0,-20.000000000000014,200.0,0.05
680.0,-20.000000000000014,200.0,0.05
681.0,-20.000000000000014,200.0,0.05
682.0,-20.000000000000014,200.0,0.05
683.0,-20.000000000000014,200.0,0.05
684.0,-20.000000000000014,200.0,0.05
685.0,-20.000000000000014,200.0,0.05
686.0,-119.9,200.0,0.05
687.0,-20.000000000000014,200.0,0.05
688.0,5.100000000000055,200.0,0.05
689.0,-20.000000000000014,200.0,0.05
690.0,5.099999999999991,200.0,0.05
691.0,-20.000000000000014,200.0,0.05
692.0,-104.3,44.0,0.05
693.0,-20.000000000000014,200.0,0.05
694.0,-20.000000000000014,200.0,0.05
695.0,-20.000000000000014,200.0,0.05
696.0,-20.000000000000014,200.0,0.05
697.0,-20.000000000000014,200.0,0.05
698.0,-20.000000000000014,200.0,0.05
699.0,-20.000000000000014,200.0,0.05
700.0,-100.7,8.0,0.05
701.0,-20.000000000000014,200.0,0.05
702.0,-20.000000000000014,200.0,0.05
703.0,-20.000000000000014,200.0,0.05
704.0,-108.59999999999998,87.0,0.05
705.0,-20.000000000000014,200.0,0.05
706.0,-116.79999999999997,169.0,0.05
707.0,-20.000000000000014,200.0,0.05
708.0,5.100000000000055,200.0,0.05
709.0,-20.000000000000014,200.0,0.05
710.0,-20.000000000000014,200.0,0.05
711.0,-20.000000000000014,200.0,0.05
712.0,-20.000000000000014,200.0,0.05
713.0,-115.39999999999996,155.0,0.05
714.0,-20.000000000000014,200.0,0.05
715.0,-20.000000000000014,200.0,0.05
716.0,-20.000000000000014,200.0,0.05
717.0,-110.59999999999998,107.0,0.05
718.0,-20.000000000000014,200.0,0.05
719.0,-20.000000000000014,200.0,0.05
720.0,-20.000000000000014,200.0,0.05
721.0,-20.000000000000014,200.0,0.05
722.0,-117.79999999999998,179.0,0.05
723.0,-106.8,69.0,0.05
724.0,-20.000000000000014,200.0,0.05
725.0,-104.2,43.0,0.05
726.0,-20.000000000000014,200.0,0.05
727.0,5.100000000000026,200.0,0.05
728.0,-20.000000000000014,200.0,0.05
729.0,5.100000000000051,200.0,0.05
730.0,-20.000000000000014,200.0,0.05
731.0,-20.000000000000014,200.0,0.05
732.0,-119.5,196.0,0.05
733.0,-20.000000000000014,200.0,0.05
734.0,-69.60000000000001,197.0,0.05
735.0,-20.000000000000014,200.0,0.05
736.0,-20.000000000000014,200.0,0.05
737.0,-20.000000000000014,200.0,0.05
738.0,-20.000000000000014,200.0,0.05
739.0,-20.000000000000014,200.0,0.05
740.0,5.100000000000037,200.0,0.05
741.0,-20.000000000000014,200.0,0.05
742.0,-20.000000000000014,200.0,0.05
743.0,-106.8,69.0,0.05
744.0,-101.1,12.0,0.05
745.0,-20.000000000000014,200.0,0.05
746.0,-20.000000000000014,200.0,0.05
747.0,-116.49999999999997,166.0,0.05
748.0,-20.000000000000014,200.0,0.05
749.0,-20.000000000000014,200.0,0.05
750.0,-116.29999999999995,164.0,0.05
751.0,-20.000000000000014,200.0,0.05
752.0,-20.000000000000014,200.0,0.05
753.0,-20.000000000000014,200.0,0.05
754.0,-20.000000000000014,200.0,0.05
755.0,-20.000000000000014,200.0,0.05
756.0,-103.1,32.0,0.05
757.0,-20.000000000000014,200.0,0.05
758.0,-20.000000000000014,200.0,0.05
759.0,-20.000000000000014,200.0,0.05
760.0,-106.89999999999999,70.0,0.05
761.0,-43.19999999999995,184.0,0.05
762.0,-20.000000000000014,200.0,0.05
763.0,-20.000000000000014,200.0,0.05
764.0,-20.000000000000014,200.0,0.05
765.0,-20.000000000000014,200.0,0.05
766.0,5.099999999999996,200.0,0.05
767.0,-108.39999999999999,85.0,0.05
768.0,-20.000000000000014,200.0,0.05
769.0,5.100000000000055,200.0,0.05
770.0,-92.3,175.0,0.05
771.0,-20.000000000000014,200.0,0.05
772.0,-103.3,34.0,0.05
773.0,-20.000000000000014,200.0,0.05
774.0,5.100000000000053,200.0,0.05
775.0,-20.000000000000014,200.0,0.05
776.0,-20.000000000000014,200.0,0.05
777.0,-20.000000000000014,200.0,0.05
778.0,-20.000000000000014,200.0,0.05
779.0,-20.000000000000014,200.0,0.05
780.0,5.099999999999927,200.0,0.05
781.0,5.099999999999945,200.0,0.05
782.0,-83.20000000000009,84.0,0.05
783.0,-20.000000000000014,200.0,0.05
784.0,5.100000000000055,200.0,0.05
785.0,-20.000000000000014,200.0,0.05
786.0,-114.59999999999997,147.0,0.05
787.0,5.099999999999955,200.0,0.05
788.0,-20.000000000000014,200.0,0.05
789.0,-20.000000000000014,200.0,0.05
790.0,-94.39999999999995,196.0,0.05
791.0,-20.000000000000014,200.0,0.05
792.0,-20.000000000000014,200.0,0.05
793.0,-20.000000000000014,200.0,0.05
794.0,5.100000000000005,200.0,0.05
795.0,5.100000000000055,200.0,0.05
796.0,5.100000000000055,200.0,0.05
797.0,5.099999999999923,200.0,0.05
798.0,-20.000000000000014,200.0,0.05
799.0,-60.89999999999998,110.0,0.05
800.0,-20.000000000000014,200.0,0.05
801.0,-116.99999999999997,171.0,0.05
802.0,-20.000000000000014,200.0,0.05
803.0,30.200000000000045,200.0,0.05
804.0,-20.000000000000014,200.0,0.05
805.0,5.100000000000055,200.0,0.05
806.0,-20.000000000000014,200.0,0.05
807.0,5.099999999999994,200.0,0.05
808.0,-20.000000000000014,200.0,0.05
809.0,-20.000000000000014,200.0,0.05
810.0,-20.000000000000014,200.0,0.05
811.0,5.099999999999962,200.0,0.05
812.0,5.100000000000055,200.0,0.05
813.0,5.099999999999948,200.0,0.05
814.0,5.099999999999959,200.0,0.05
815.0,5.099999999999962,200.0,0.05
816.0,5.099999999999952,200.0,0.05
817.0,5.100000000000037,200.0,0.05
818.0,5.099999999999955,200.0,0.05
819.0,-20.000000000000014,200.0,0.05
820.0,-20.000000000000014,200.0,0.05
821.0,5.100000000000055,200.0,0.05
822.0,5.0999999999999375,200.0,0.05
823.0,5.099999999999934,200.0,0.05
824.0,5.099999999999987,200.0,0.05
825.0,5.10000000000003,200.0,0.05
826.0,5.0999999999999375,200.0,0.05
827.0,5.09999999999998,200.0,0.05
828.0,5.100000000000055,200.0,0.05
829.0,5.0999999999999766,200.0,0.05
830.0,5.100000000000046,200.0,0.05
831.0,5.100000000000037,200.0,0.05
832.0,-104.0,41.0,0.05
833.0,-20.000000000000014,200.0,0.05
834.0,-20.000000000000014,200.0,0.05
835.0,-20.000000000000014,200.0,0.05
836.0,-20.000000000000014,200.0,0.05
837.0,-20.000000000000014,200.0,0.05
838.0,-20.000000000000014,200.0,0.05
839.0,-20.000000000000014,200.0,0.05
840.0,-20.000000000000014,200.0,0.05
841.0,-20.000000000000014,200.0,0.05
842.0,-20.000000000000014,200.0,0.05
843.0,-20.000000000000014,200.0,0.05
844.0,-20.000000000000014,200.0,0.05
845.0,-20.000000000000014,200.0,0.05
846.0,-20.000000000000014,200.0,0.05
847.0,-20.000000000000014,200.0,0.05
848.0,-20.000000000000014,200.0,0.05
849.0,-20.000000000000014,200.0,0.05
850.0,-20.000000000000014,200.0,0.05
851.0,-20.000000000000014,200.0,0.05
852.0,5.100000000000055,200.0,0.05
853.0,-20.000000000000014,200.0,0.05
854.0,-55.3,54.0,0.05
855.0,-118.19999999999999,183.0,0.05
856.0,-20.000000000000014,200.0,0.05
857.0,5.100000000000055,200.0,0.05
858.0,-20.000000000000014,200.0,0.05
859.0,5.100000000000033,200.0,0.05
860.0,5.100000000000055,200.0,0.05
861.0,-103.0,31.0,0.05
862.0,-20.000000000000014,200.0,0.05
863.0,-20.000000000000014,200.0,0.05
864.0,-20.000000000000014,200.0,0.05
865.0,-20.000000000000014,200.0,0.05
866.0,-20.000000000000014,200.0,0.05
867.0,-20.000000000000014,200.0,0.05
868.0,-94.79999999999995,200.0,0.05
869.0,-110.69999999999997,108.0,0.05
870.0,-20.000000000000014,200.0,0.05
871.0,-102.3,24.0,0.05
872.0,-20.000000000000014,200.0,0.05
873.0,5.099999999999998,200.0,0.05
874.0,-104.4,45.0,0.05
875.0,-20.000000000000014,200.0,0.05
876.0,-20.000000000000014,200.0,0.05
877.0,-119.4,195.0,0.05
878.0,-20.000000000000014,200.0,0.05
879.0,-20.000000000000014,200.0,0.05
880.0,-20.000000000000014,200.0,0.05
881.0,-20.000000000000014,200.0,0.05
882.0,-20.000000000000014,200.0,0.05
883.0,-103.8,39.0,0.05
884.0,-104.6,47.0,0.05
885.0,-20.000000000000014,200.0,0.05
886.0,-107.99999999999999,81.0,0.05
887.0,-20.000000000000014,200.0,0.05
888.0,-20.000000000000014,200.0,0.05
889.0,-20.000000000000014,200.0,0.05
890.0,-20.000000000000014,200.0,0.05
891.0,-20.000000000000014,200.0,0.05
892.0,-20.000000000000014,200.0,0.05
893.0,-20.000000000000014,200.0,0.05
894.0,-20.000000000000014,200.0,0.05
895.0,-20.000000000000014,200.0,0.05
896.0,-20.000000000000014,200.0,0.05
897.0,5.100000000000055,200.0,0.05
898.0,-20.000000000000014,200.0,0.05
899.0,-20.000000000000014,200.0,0.05
900.0,-20.000000000000014,200.0,0.05
901.0,-20.000000000000014,200.0,0.05
902.0,-20.000000000000014,200.0,0.05
903.0,5.100000000000055,200.0,0.05
904.0,5.099999999999952,200.0,0.05
905.0,-20.000000000000014,200.0,0.05
906.0,-20.000000000000014,200.0,0.05
907.0,-20.000000000000014,200.0,0.05
908.0,5.100000000000055,200.0,0.05
909.0,5.099999999999966,200.0,0.05
910.0,-20.000000000000014,200.0,0.05
911.0,-100.9,10.0,0.05
912.0,5.099999999999966,200.0,0.05
913.0,5.100000000000055,200.0,0.05
914.0,5.0999999999999694,200.0,0.05
915.0,5.099999999999955,200.0,0.05
916.0,5.0999999999999766,200.0,0.05
917.0,5.100000000000026,200.0,0.05
918.0,-80.60000000000005,58.0,0.05
919.0,5.100000000000055,200.0,0.05
920.0,-36.20000000000003,114.0,0.05
921.0,-20.000000000000014,200.0,0.05
922.0,5.099999999999998,200.0,0.05
923.0,-20.000000000000014,200.0,0.05
924.0,-20.000000000000014,200.0,0.05
925.0,5.100000000000012,200.0,0.05
926.0,5.099999999999945,200.0,0.05
927.0,5.100000000000053,200.0,0.05
928.0,5.100000000000021,200.0,0.05
929.0,5.0999999999999694,200.0,0.05
930.0,5.100000000000055,200.0,0.05
931.0,5.099999999999991,200.0,0.05
932.0,5.100000000000055,200.0,0.05
933.0,-20.000000000000014,200.0,0.05
934.0,5.099999999999945,200.0,0.05
935.0,5.100000000000016,200.0,0.05
936.0,-20.000000000000014,200.0,0.05
937.0,5.099999999999962,200.0,0.05
938.0,5.099999999999991,200.0,0.05
939.0,5.0999999999999375,200.0,0.05
940.0,-105.3,54.0,0.05
941.0,5.100000000000055,200.0,0.05
942.0,5.100000000000055,200.0,0.05
943.0,-20.000000000000014,200.0,0.05
944.0,-20.000000000000014,200.0,0.05
945.0,-20.000000000000014,200.0,0.05
946.0,5.100000000000055,200.0,0.05
947.0,-20.000000000000014,200.0,0.05
948.0,-20.000000000000014,200.0,0.05
949.0,-20.000000000000014,200.0,0.05
950.0,5.0999999999999925,200.0,0.05
951.0,5.100000000000055,200.0,0.05
952.0,-20.000000000000014,200.0,0.05
953.0,-107.79999999999998,79.0,0.05
954.0,-106.19999999999999,63.0,0.05
955.0,-20.000000000000014,200.0,0.05
956.0,-20.000000000000014,200.0,0.05
957.0,-20.000000000000014,200.0,0.05
958.0,-20.000000000000014,200.0,0.05
959.0,-103.60000000000001,37.0,0.05
960.0,-20.000000000000014,200.0,0.05
961.0,-20.000000000000014,200.0,0.05
962.0,-60.49999999999998,106.0,0.05
963.0,5.100000000000055,200.0,0.05
964.0,-20.000000000000014,200.0,0.05
965.0,-20.000000000000014,200.0,0.05
966.0,-20.000000000000014,200.0,0.05
967.0,5.099999999999998,200.0,0.05
968.0,-20.000000000000014,200.0,0.05
969.0,-20.000000000000014,200.0,0.05
970.0,-20.000000000000014,200.0,0.05
971.0,-20.000000000000014,200.0,0.05
972.0,-105.6,57.0,0.05
973.0,-20.000000000000014,200.0,0.05
974.0,-20.000000000000014,200.0,0.05
975.0,-20.000000000000014,200.0,0.05
976.0,-20.000000000000014,200.0,0.05
977.0,-20.000000000000014,200.0,0.05
978.0,-20.000000000000014,200.0,0.05
979.0,-20.000000000000014,200.0,0.05
980.0,-20.000000000000014,200.0,0.05
981.0,5.100000000000048,200.0,0.05
982.0,-20.000000000000014,200.0,0.05
983.0,5.100000000000055,200.0,0.05
984.0,-20.000000000000014,200.0,0.05
985.0,5.100000000000055,200.0,0.05
986.0,-20.000000000000014,200.0,0.05
987.0,-20.000000000000014,200.0,0.05
988.0,-20.000000000000014,200.0,0.05
989.0,-20.000000000000014,200.0,0.05
990.0,-20.000000000000014,200.0,0.05
991.0,-20.000000000000014,200.0,0.05
992.0,-20.000000000000014,200.0,0.05
993.0,-20.000000000000014,200.0,0.05
994.0,-20.000000000000014,200.0,0.05
995.0,-20.000000000000014,200.0,0.05
996.0,-20.000000000000014,200.0,0.05
997.0,-20.000000000000014,200.0,0.05
998.0,-20.000000000000014,200.0,0.05
999.0,-20.000000000000014,200.0,0.05
1000.0,-20.000000000000014,200.0,0.05
1001.0,-20.000000000000014,200.0,0.05
1002.0,-20.000000000000014,200.0,0.05
1003.0,-20.000000000000014,200.0,0.05
1004.0,5.100000000000055,200.0,0.05
1005.0,-20.000000000000014,200.0,0.05
1006.0,-20.000000000000014,200.0,0.05
1007.0,-20.000000000000014,200.0,0.05
1008.0,-20.000000000000014,200.0,0.05
1009.0,5.100000000000055,200.0,0.05
1010.0,5.100000000000055,200.0,0.05
1011.0,-20.000000000000014,200.0,0.05
1012.0,-20.000000000000014,200.0,0.05
1013.0,5.099999999999998,200.0,0.05
1014.0,5.100000000000055,200.0,0.05
1015.0,5.099999999999998,200.0,0.05
1016.0,5.099999999999945,200.0,0.05
1017.0,-20.000000000000014,200.0,0.05
1018.0,5.0999999999999766,200.0,0.05
1019.0,5.100000000000016,200.0,0.05
1020.0,5.0999999999999375,200.0,0.05
1021.0,-20.000000000000014,200.0,0.05
1022.0,-20.000000000000014,200.0,0.05
1023.0,5.099999999999962,200.0,0.05
1024.0,5.100000000000053,200.0,0.05
1025.0,5.100000000000023,200.0,0.05
1026.0,5.099999999999934,200.0,0.05
1027.0,5.100000000000019,200.0,0.05
1028.0,-20.000000000000014,200.0,0.05
1029.0,5.099999999999945,200.0,0.05
1030.0,5.099999999999991,200.0,0.05
1031.0,-20.000000000000014,200.0,0.05
1032.0,5.100000000000014,200.0,0.05
1033.0,5.099999999999998,200.0,0.05
1034.0,5.099999999999948,200.0,0.05
1035.0,5.099999999999966,200.0,0.05
1036.0,5.100000000000019,200.0,0.05
1037.0,5.099999999999934,200.0,0.05
1038.0,5.099999999999934,200.0,0.05
1039.0,5.099999999999934,200.0,0.05
1040.0,5.10000000000003,200.0,0.05
1041.0,5.099999999999998,200.0,0.05
1042.0,5.100000000000055,200.0,0.05
1043.0,5.09999999999993,200.0,0.05
1044.0,5.099999999999934,200.0,0.05
1045.0,5.100000000000005,200.0,0.05
1046.0,5.100000000000055,200.0,0.05
1047.0,5.099999999999962,200.0,0.05
1048.0,5.100000000000055,200.0,0.05
1049.0,5.099999999999934,200.0,0.05
1050.0,5.100000000000023,200.0,0.05
1051.0,5.099999999999927,200.0,0.05
1052.0,-20.000000000000014,200.0,0.05
1053.0,5.0999999999999766,200.0,0.05
1054.0,5.100000000000026,200.0,0.05
1055.0,5.100000000000026,200.0,0.05
1056.0,5.099999999999945,200.0,0.05
1057.0,5.099999999999973,200.0,0.05
1058.0,-20.000000000000014,200.0,0.05
1059.0,5.100000000000055,200.0,0.05
1060.0,-20.000000000000014,200.0,0.05
1061.0,5.0999999999999694,200.0,0.05
1062.0,5.0999999999999375,200.0,0.05
1063.0,-20.000000000000014,200.0,0.05
1064.0,5.099999999999994,200.0,0.05
1065.0,5.099999999999948,200.0,0.05
1066.0,5.0999999999999694,200.0,0.05
1067.0,5.099999999999994,200.0,0.05
1068.0,5.100000000000055,200.0,0.05
1069.0,5.100000000000005,200.0,0.05
1070.0,5.10000000000003,200.0,0.05
1071.0,5.0999999999999375,200.0,0.05
1072.0,5.0999999999999694,200.0,0.05
1073.0,-20.000000000000014,200.0,0.05
1074.0,5.100000000000053,200.0,0.05
1075.0,5.10000000000003,200.0,0.05
1076.0,5.099999999999955,200.0,0.05
1077.0,5.099999999999927,200.0,0.05
1078.0,5.099999999999984,200.0,0.05
1079.0,5.100000000000012,200.0,0.05
1080.0,-103.4,35.0,0.05
1081.0,-20.000000000000014,200.0,0.05
1082.0,-20.000000000000014,200.0,0.05
1083.0,-20.000000000000014,200.0,0.05
1084.0,-20.000000000000014,200.0,0.05
1085.0,-20.000000000000014,200.0,0.05
1086.0,-20.000000000000014,200.0,0.05
1087.0,-20.000000000000014,200.0,0.05
1088.0,-20.000000000000014,200.0,0.05
1089.0,-101.0,11.0,0.05
1090.0,-20.000000000000014,200.0,0.05
1091.0,-20.000000000000014,200.0,0.05
1092.0,-20.000000000000014,200.0,0.05
1093.0,-20.000000000000014,200.0,0.05
1094.0,-20.000000000000014,200.0,0.05
1095.0,5.100000000000055,200.0,0.05
1096.0,-20.000000000000014,200.0,0.05
1097.0,-20.000000000000014,200.0,0.05
1098.0,-20.000000000000014,200.0,0.05
1099.0,-20.000000000000014,200.0,0.05
1100.0,-108.49999999999999,86.0,0.05
1101.0,-20.000000000000014,200.0,0.05
1102.0,-110.99999999999997,111.0,0.05
1103.0,-109.79999999999998,99.0,0.05
1104.0,-20.000000000000014,200.0,0.05
1105.0,-105.5,56.0,0.05
1106.0,-20.000000000000014,200.0,0.05
1107.0,-20.000000000000014,200.0,0.05
1108.0,5.100000000000055,200.0,0.05
1109.0,5.100000000000055,200.0,0.05
1110.0,-112.79999999999997,129.0,0.05
1111.0,-114.29999999999997,144.0,0.05
1112.0,-20.000000000000014,200.0,0.05
1113.0,5.100000000000055,200.0,0.05
1114.0,-20.000000000000014,200.0,0.05
1115.0,-20.000000000000014,200.0,0.05
1116.0,-20.000000000000014,200.0,0.05
1117.0,-59.79999999999998,99.0,0.05
1118.0,5.100000000000055,200.0,0.05
1119.0,5.099999999999991,200.0,0.05
1120.0,-112.29999999999997,124.0,0.05
1121.0,-20.000000000000014,200.0,0.05
1122.0,-20.000000000000014,200.0,0.05
1123.0,-20.000000000000014,200.0,0.05
1124.0,-113.49999999999997,136.0,0.05
1125.0,-20.000000000000014,200.0,0.05
1126.0,-20.000000000000014,200.0,0.05
1127.0,-20.000000000000014,200.0,0.05
1128.0,-112.09999999999997,122.0,0.05
1129.0,-112.29999999999997,124.0,0.05
1130.0,-20.000000000000014,200.0,0.05
1131.0,-20.000000000000014,200.0,0.05
1132.0,-20.000000000000014,200.0,0.05
1133.0,5.100000000000055,200.0,0.05
1134.0,5.099999999999991,200.0,0.05
1135.0,-20.000000000000014,200.0,0.05
1136.0,-20.000000000000014,200.0,0.05
1137.0,-20.000000000000014,200.0,0.05
1138.0,-20.000000000000014,200.0,0.05
1139.0,-20.000000000000014,200.0,0.05
1140.0,-20.000000000000014,200.0,0.05
1141.0,-20.000000000000014,200.0,0.05
1142.0,-20.000000000000014,200.0,0.05
1143.0,-119.1,192.0,0.05
1144.0,-107.79999999999998,79.0,0.05
1145.0,-20.000000000000014,200.0,0.05
1146.0,-20.000000000000014,200.0,0.05
1147.0,-20.000000000000014,200.0,0.05
1148.0,-20.000000000000014,200.0,0.05
1149.0,-20.000000000000014,200.0,0.05
1150.0,-20.000000000000014,200.0,0.05
1151.0,-20.000000000000014,200.0,0.05
1152.0,-20.000000000000014,200.0,0.05
1153.0,-20.000000000000014,200.0,0.05
1154.0,-118.19999999999999,183.0,0.05
1155.0,-104.8,49.0,0.05
1156.0,-20.000000000000014,200.0,0.05
1157.0,-20.000000000000014,200.0,0.05
1158.0,-111.19999999999997,113.0,0.05
1159.0,-20.000000000000014,200.0,0.05
1160.0,-20.000000000000014,200.0,0.05
1161.0,-20.000000000000014,200.0,0.05
1162.0,-20.000000000000014,200.0,0.05
1163.0,-20.000000000000014,200.0,0.05
1164.0,-20.000000000000014,200.0,0.05
1165.0,-20.000000000000014,200.0,0.05
1166.0,-20.000000000000014,200.0,0.05
1167.0,-20.000000000000014,200.0,0.05
1168.0,-116.49999999999997,166.0,0.05
1169.0,-20.000000000000014,200.0,0.05
1170.0,-112.59999999999997,127.0,0.05
1171.0,-20.000000000000014,200.0,0.05
1172.0,-20.000000000000014,200.0,0.05
1173.0,-20.000000000000014,200.0,0.05
1174.0,-20.000000000000014,200.0,0.05
1175.0,-20.000000000000014,200.0,0.05
1176.0,-20.000000000000014,200.0,0.05
1177.0,-105.5,56.0,0.05
1178.0,-20.000000000000014,200.0,0.05
1179.0,-20.000000000000014,200.0,0.05
1180.0,5.0999999999999766,200.0,0.05
1181.0,5.100000000000055,200.0,0.05
1182.0,-20.000000000000014,200.0,0.05
1183.0,5.1000000000000405,200.0,0.05
1184.0,-101.2,13.0,0.05
1185.0,5.100000000000055,200.0,0.05
1186.0,5.099999999999973,200.0,0.05
1187.0,5.100000000000053,200.0,0.05
1188.0,5.099999999999948,200.0,0.05
1189.0,5.099999999999952,200.0,0.05
1190.0,5.099999999999945,200.0,0.05
1191.0,5.100000000000055,200.0,0.05
1192.0,5.100000000000039,200.0,0.05
1193.0,-102.6,27.0,0.05
1194.0,-20.000000000000014,200.0,0.05
1195.0,-20.000000000000014,200.0,0.05
1196.0,-20.000000000000014,200.0,0.05
1197.0,-20.000000000000014,200.0,0.05
1198.0,-20.000000000000014,200.0,0.05
1199.0,-20.000000000000014,200.0,0.05
1200.0,5.099999999999955,200.0,0.05
1201.0,-20.000000000000014,200.0,0.05
1202.0,-20.000000000000014,200.0,0.05
1203.0,-20.000000000000014,200.0,0.05
1204.0,-20.000000000000014,200.0,0.05
1205.0,-20.000000000000014,200.0,0.05
1206.0,-20.000000000000014,200.0,0.05
1207.0,-20.000000000000014,200.0,0.05
1208.0,-20.000000000000014,200.0,0.05
1209.0,5.100000000000055,200.0,0.05
1210.0,5.100000000000033,200.0,0.05
1211.0,-101.3,14.0,0.05
1212.0,30.20000000000001,200.0,0.05
1213.0,-104.6,47.0,0.05
1214.0,5.100000000000055,200.0,0.05
1215.0,-54.9,50.0,0.05
1216.0,-20.000000000000014,200.0,0.05
1217.0,-20.000000000000014,200.0,0.05
1218.0,-20.000000000000014,200.0,0.05
1219.0,5.100000000000055,200.0,0.05
1220.0,-104.2,43.0,0.05
1221.0,5.100000000000053,200.0,0.05
1222.0,5.100000000000055,200.0,0.05
1223.0,-20.000000000000014,200.0,0.05
1224.0,-107.6,77.0,0.05
1225.0,-119.70000000000002,198.0,0.05
1226.0,-20.000000000000014,200.0,0.05
1227.0,-20.000000000000014,200.0,0.05
1228.0,-20.000000000000014,200.0,0.05
1229.0,-20.000000000000014,200.0,0.05
1230.0,-104.3,44.0,0.05
1231.0,-20.000000000000014,200.0,0.05
1232.0,-110.99999999999997,111.0,0.05
1233.0,-20.000000000000014,200.0,0.05
1234.0,-20.000000000000014,200.0,0.05
1235.0,-103.7,38.0,0.05
1236.0,-20.000000000000014,200.0,0.05
1237.0,-20.000000000000014,200.0,0.05
1238.0,-20.000000000000014,200.0,0.05
1239.0,-20.000000000000014,200.0,0.05
1240.0,-20.000000000000014,200.0,0.05
1241.0,-20.000000000000014,200.0,0.05
1242.0,-20.000000000000014,200.0,0.05
1243.0,-20.000000000000014,200.0,0.05
1244.0,-20.000000000000014,200.0,0.05
1245.0,-20.000000000000014,200.0,0.05
1246.0,-20.000000000000014,200.0,0.05
1247.0,30.200000000000042,200.0,0.05
1248.0,-60.49999999999998,106.0,0.05
1249.0,-20.000000000000014,200.0,0.05
1250.0,-20.000000000000014,200.0,0.05
1251.0,-20.000000000000014,200.0,0.05
1252.0,-20.000000000000014,200.0,0.05
1253.0,-20.000000000000014,200.0,0.05
1254.0,-20.000000000000014,200.0,0.05
1255.0,-20.000000000000014,200.0,0.05
1256.0,-20.000000000000014,200.0,0.05
1257.0,-20.000000000000014,200.0,0.05
1258.0,-20.000000000000014,200.0,0.05
1259.0,-20.000000000000014,200.0,0.05
1260.0,-20.000000000000014,200.0,0.05
1261.0,-103.7,38.0,0.05
1262.0,-20.000000000000014,200.0,0.05
1263.0,-116.29999999999995,164.0,0.05
1264.0,-20.000000000000014,200.0,0.05
1265.0,-20.000000000000014,200.0,0.05
1266.0,-110.89999999999998,110.0,0.05
1267.0,-20.000000000000014,200.0,0.05
1268.0,5.099999999999987,200.0,0.05
1269.0,-20.000000000000014,200.0,0.05
1270.0,-20.000000000000014,200.0,0.05
1271.0,-20.000000000000014,200.0,0.05
1272.0,-20.000000000000014,200.0,0.05
1273.0,-20.000000000000014,200.0,0.05
1274.0,-20.000000000000014,200.0,0.05
1275.0,-20.000000000000014,200.0,0.05
1276.0,-20.000000000000014,200.0,0.05
1277.0,-20.000000000000014,200.0,0.05
1278.0,-20.000000000000014,200.0,0.05
1279.0,-20.000000000000014,200.0,0.05
1280.0,5.100000000000019,200.0,0.05
1281.0,-20.000000000000014,200.0,0.05
1282.0,-20.000000000000014,200.0,0.05
1283.0,5.100000000000046,200.0,0.05
1284.0,5.100000000000055,200.0,0.05
1285.0,-56.69999999999999,68.0,0.05
1286.0,-20.000000000000014,200.0,0.05
1287.0,-20.000000000000014,200.0,0.05
1288.0,-68.9,190.0,0.05
1289.0,-20.000000000000014,200.0,0.05
1290.0,-20.000000000000014,200.0,0.05
1291.0,-20.000000000000014,200.0,0.05
1292.0,-20.000000000000014,200.0,0.05
1293.0,-20.000000000000014,200.0,0.05
1294.0,-20.000000000000014,200.0,0.05
1295.0,-118.5,186.0,0.05
1296.0,-20.000000000000014,200.0,0.05
1297.0,-20.000000000000014,200.0,0.05
1298.0,-20.000000000000014,200.0,0.05
1299.0,-20.000000000000014,200.0,0.05
1300.0,-20.000000000000014,200.0,0.05
1301.0,-20.000000000000014,200.0,0.05
1302.0,-119.60000000000001,197.0,0.05
1303.0,-111.59999999999998,117.0,0.05
1304.0,-20.000000000000014,200.0,0.05
1305.0,-20.000000000000014,200.0,0.05
1306.0,-20.000000000000014,200.0,0.05
1307.0,-116.49999999999997,166.0,0.05
1308.0,-117.29999999999998,174.0,0.05
1309.0,-20.000000000000014,200.0,0.05
1310.0,-20.000000000000014,200.0,0.05
1311.0,-20.000000000000014,200.0,0.05
1312.0,-20.000000000000014,200.0,0.05
1313.0,-20.000000000000014,200.0,0.05
1314.0,-116.39999999999996,165.0,0.05
1315.0,-20.000000000000014,200.0,0.05
1316.0,-107.1,72.0,0.05
1317.0,-116.49999999999997,166.0,0.05
1318.0,-20.000000000000014,200.0,0.05
1319.0,-20.000000000000014,200.0,0.05
1320.0,-20.000000000000014,200.0,0.05
1321.0,-20.000000000000014,200.0,0.05
1322.0,-20.000000000000014,200.0,0.05
1323.0,-20.000000000000014,200.0,0.05
1324.0,-60.59999999999998,107.0,0.05
1325.0,-69.60000000000001,197.0,0.05
1326.0,-111.49999999999997,116.0,0.05
1327.0,-20.000000000000014,200.0,0.05
1328.0,5.100000000000055,200.0,0.05
1329.0,-20.000000000000014,200.0,0.05
1330.0,5.100000000000055,200.0,0.05
1331.0,-64.69999999999996,148.0,0.05
1332.0,-20.000000000000014,200.0,0.05
1333.0,-20.000000000000014,200.0,0.05
1334.0,-20.000000000000014,200.0,0.05
1335.0,-20.000000000000014,200.0,0.05
1336.0,-20.000000000000014,200.0,0.05
1337.0,-20.000000000000014,200.0,0.05
1338.0,-106.19999999999999,63.0,0.05
1339.0,-20.000000000000014,200.0,0.05
1340.0,-20.000000000000014,200.0,0.05
1341.0,-20.000000000000014,200.0,0.05
1342.0,5.100000000000055,200.0,0.05
1343.0,-20.000000000000014,200.0,0.05
1344.0,-20.000000000000014,200.0,0.05
1345.0,-20.000000000000014,200.0,0.05
1346.0,-20.000000000000014,200.0,0.05
1347.0,-116.69999999999996,168.0,0.05
1348.0,-20.000000000000014,200.0,0.05
1349.0,-20.000000000000014,200.0,0.05
1350.0,-20.000000000000014,200.0,0.05
1351.0,-20.000000000000014,200.0,0.05
1352.0,-20.000000000000014,200.0,0.05
1353.0,-20.000000000000014,200.0,0.05
1354.0,-110.19999999999997,103.0,0.05
1355.0,-20.000000000000014,200.0,0.05
1356.0,5.100000000000046,200.0,0.05
1357.0,-113.69999999999996,138.0,0.05
1358.0,-20.000000000000014,200.0,0.05
1359.0,-20.000000000000014,200.0,0.05
1360.0,-69.60000000000001,197.0,0.05
1361.0,-20.000000000000014,200.0,0.05
1362.0,-20.000000000000014,200.0,0.05
1363.0,-61.199999999999974,113.0,0.05
1364.0,-102.4,25.0,0.05
1365.0,-20.000000000000014,200.0,0.05
1366.0,-20.000000000000014,200.0,0.05
1367.0,-20.000000000000014,200.0,0.05
1368.0,-58.79999999999998,89.0,0.05
1369.0,-20.000000000000014,200.0,0.05
1370.0,-20.000000000000014,200.0,0.05
1371.0,-20.000000000000014,200.0,0.05
1372.0,-20.000000000000014,200.0,0.05
1373.0,-20.000000000000014,200.0,0.05
1374.0,-20.000000000000014,200.0,0.05
1375.0,-20.000000000000014,200.0,0.05
1376.0,-111.09999999999998,112.0,0.05
1377.0,-20.000000000000014,200.0,0.05
1378.0,-20.000000000000014,200.0,0.05
1379.0,-106.19999999999999,63.0,0.05
1380.0,-20.000000000000014,200.0,0.05
1381.0,-20.000000000000014,200.0,0.05
1382.0,-20.000000000000014,200.0,0.05
1383.0,-20.000000000000014,200.0,0.05
1384.0,-20.000000000000014,200.0,0.05
1385.0,-102.4,25.0,0.05
1386.0,-20.000000000000014,200.0,0.05
1387.0,5.100000000000055,200.0,0.05
1388.0,-20.000000000000014,200.0,0.05
1389.0,-110.29999999999998,104.0,0.05
1390.0,-117.99999999999999,181.0,0.05
1391.0,5.0999999999999375,200.0,0.05
1392.0,-20.000000000000014,200.0,0.05
1393.0,-20.000000000000014,200.0,0.05
1394.0,-20.000000000000014,200.0,0.05
1395.0,-20.000000000000014,200.0,0.05
1396.0,-20.000000000000014,200.0,0.05
1397.0,-106.0,61.0,0.05
1398.0,-20.000000000000014,200.0,0.05
1399.0,5.100000000000033,200.0,0.05
1400.0,-20.000000000000014,200.0,0.05
1401.0,-20.000000000000014,200.0,0.05
1402.0,-20.000000000000014,200.0,0.05
1403.0,-20.000000000000014,200.0,0.05
1404.0,-116.49999999999997,166.0,0.05
1405.0,-20.000000000000014,200.0,0.05
1406.0,-117.59999999999998,177.0,0.05
1407.0,-20.000000000000014,200.0,0.05
1408.0,5.099999999999991,200.0,0.05
1409.0,-20.000000000000014,200.0,0.05
1410.0,-20.000000000000014,200.0,0.05
1411.0,-20.000000000000014,200.0,0.05
1412.0,-20.000000000000014,200.0,0.05
1413.0,-66.79999999999997,169.0,0.05
1414.0,-20.000000000000014,200.0,0.05
1415.0,-20.000000000000014,200.0,0.05
1416.0,-20.000000000000014,200.0,0.05
1417.0,-20.000000000000014,200.0,0.05
1418.0,5.100000000000053,200.0,0.05
1419.0,-20.000000000000014,200.0,0.05
1420.0,-20.000000000000014,200.0,0.05
1421.0,5.100000000000053,200.0,0.05
1422.0,-110.59999999999998,107.0,0.05
1423.0,-20.000000000000014,200.0,0.05
1424.0,5.099999999999966,200.0,0.05
1425.0,-20.000000000000014,200.0,0.05
1426.0,5.100000000000055,200.0,0.05
1427.0,5.1000000000000405,200.0,0.05
1428.0,-20.000000000000014,200.0,0.05
1429.0,5.09999999999998,200.0,0.05
1430.0,5.100000000000039,200.0,0.05
1431.0,5.100000000000055,200.0,0.05
1432.0,5.100000000000019,200.0,0.05
1433.0,5.100000000000055,200.0,0.05
1434.0,5.1000000000000085,200.0,0.05
1435.0,5.100000000000055,200.0,0.05
1436.0,5.100000000000055,200.0,0.05
1437.0,-20.000000000000014,200.0,0.05
1438.0,-20.000000000000014,200.0,0.05
1439.0,-101.7,18.0,0.05
1440.0,-20.000000000000014,200.0,0.05
1441.0,-20.000000000000014,200.0,0.05
1442.0,-20.000000000000014,200.0,0.05
1443.0,-101.7,18.0,0.05
1444.0,-20.000000000000014,200.0,0.05
1445.0,-20.000000000000014,200.0,0.05
1446.0,-20.000000000000014,200.0,0.05
1447.0,-20.000000000000014,200.0,0.05
1448.0,-20.000000000000014,200.0,0.05
1449.0,-20.000000000000014,200.0,0.05
1450.0,-109.89999999999998,100.0,0.05
1451.0,-20.000000000000014,200.0,0.05
1452.0,5.099999999999945,200.0,0.05
1453.0,-20.000000000000014,200.0,0.05
1454.0,-20.000000000000014,200.0,0.05
1455.0,-20.000000000000014,200.0,0.05
1456.0,5.100000000000055,200.0,0.05
1457.0,-20.000000000000014,200.0,0.05
1458.0,-20.000000000000014,200.0,0.05
1459.0,-20.000000000000014,200.0,0.05
1460.0,-20.000000000000014,200.0,0.05
1461.0,-20.000000000000014,200.0,0.05
1462.0,-20.000000000000014,200.0,0.05
1463.0,-20.000000000000014,200.0,0.05
1464.0,-102.5,26.0,0.05
1465.0,-111.29999999999998,114.0,0.05
1466.0,-20.000000000000014,200.0,0.05
1467.0,-20.000000000000014,200.0,0.05
1468.0,-101.5,16.0,0.05
1469.0,-20.000000000000014,200.0,0.05
1470.0,-20.000000000000014,200.0,0.05
1471.0,5.100000000000055,200.0,0.05
1472.0,-58.399999999999984,85.0,0.05
1473.0,-102.4,25.0,0.05
1474.0,-20.000000000000014,200.0,0.05
1475.0,-102.1,22.0,0.05
1476.0,-20.000000000000014,200.0,0.05
1477.0,-20.000000000000014,200.0,0.05
1478.0,-20.000000000000014,200.0,0.05
1479.0,-20.000000000000014,200.0,0.05
1480.0,-105.89999999999999,60.0,0.05
1481.0,-105.2,53.0,0.05
1482.0,-102.2,23.0,0.05
1483.0,-20.000000000000014,200.0,0.05
1484.0,-118.1,182.0,0.05
1485.0,-20.000000000000014,200.0,0.05
1486.0,-20.000000000000014,200.0,0.05
1487.0,-20.000000000000014,200.0,0.05
1488.0,-20.000000000000014,200.0,0.05
1489.0,-20.000000000000014,200.0,0.05
1490.0,-20.000000000000014,200.0,0.05
1491.0,-104.4,45.0,0.05
1492.0,-20.000000000000014,200.0,0.05
1493.0,-20.000000000000014,200.0,0.05
1494.0,-20.000000000000014,200.0,0.05
1495.0,-20.000000000000014,200.0,0.05
1496.0,-20.000000000000014,200.0,0.05
1497.0,-20.000000000000014,200.0,0.05
1498.0,-20.000000000000014,200.0,0.05
1499.0,-105.89999999999999,60.0,0.05
1500.0,-20.000000000000014,200.0,0.05
1501.0,-20.000000000000014,200.0,0.05
1502.0,-62.59999999999997,127.0,0.05
1503.0,-20.000000000000014,200.0,0.05
1504.0,-20.000000000000014,200.0,0.05
1505.0,-20.000000000000014,200.0,0.05
1506.0,-20.000000000000014,200.0,0.05
1507.0,-20.000000000000014,200.0,0.05
1508.0,-20.000000000000014,200.0,0.05
1509.0,-20.000000000000014,200.0,0.05
1510.0,-20.000000000000014,200.0,0.05
1511.0,-60.19999999999998,103.0,0.05
1512.0,-20.000000000000014,200.0,0.05
1513.0,-20.000000000000014,200.0,0.05
1514.0,-118.39999999999999,185.0,0.05
1515.0,-20.000000000000014,200.0,0.05
1516.0,-20.000000000000014,200.0,0.05
1517.0,-20.000000000000014,200.0,0.05
1518.0,-20.000000000000014,200.0,0.05
1519.0,-20.000000000000014,200.0,0.05
1520.0,-119.2,193.0,0.05
1521.0,-20.000000000000014,200.0,0.05
1522.0,-20.000000000000014,200.0,0.05
1523.0,-108.79999999999998,89.0,0.05
1524.0,-20.000000000000014,200.0,0.05
1525.0,-20.000000000000014,200.0,0.05
1526.0,-20.000000000000014,200.0,0.05
1527.0,-20.000000000000014,200.0,0.05
1528.0,-20.000000000000014,200.0,0.05
1529.0,-20.000000000000014,200.0,0.05
1530.0,-20.000000000000014,200.0,0.05
1531.0,-20.000000000000014,200.0,0.05
1532.0,-20.000000000000014,200.0,0.05
1533.0,-20.000000000000014,200.0,0.05
1534.0,-20.000000000000014,200.0,0.05
1535.0,-20.000000000000014,200.0,0.05
1536.0,-20.000000000000014,200.0,0.05
1537.0,-20.000000000000014,200.0,0.05
1538.0,-20.000000000000014,200.0,0.05
1539.0,-20.000000000000014,200.0,0.05
1540.0,-115.19999999999996,153.0,0.05
1541.0,-20.000000000000014,200.0,0.05
1542.0,-20.000000000000014,200.0,0.05
1543.0,-20.000000000000014,200.0,0.05
1544.0,-107.89999999999999,80.0,0.05
1545.0,-20.000000000000014,200.0,0.05
1546.0,-20.000000000000014,200.0,0.05
1547.0,-20.000000000000014,200.0,0.05
1548.0,-20.000000000000014,200.0,0.05
1549.0,-20.000000000000014,200.0,0.05
1550.0,-20.000000000000014,200.0,0.05
1551.0,-20.000000000000014,200.0,0.05
1552.0,-20.000000000000014,200.0,0.05
1553.0,-20.000000000000014,200.0,0.05
1554.0,5.100000000000026,200.0,0.05
1555.0,-20.000000000000014,200.0,0.05
1556.0,5.100000000000055,200.0,0.05
1557.0,-20.000000000000014,200.0,0.05
1558.0,-20.000000000000014,200.0,0.05
1559.0,-110.39999999999998,105.0,0.05
1560.0,-113.79999999999997,139.0,0.05
1561.0,-20.000000000000014,200.0,0.05
1562.0,-20.000000000000014,200.0,0.05
1563.0,-20.000000000000014,200.0,0.05
1564.0,-20.000000000000014,200.0,0.05
1565.0,-20.000000000000014,200.0,0.05
1566.0,-20.000000000000014,200.0,0.05
1567.0,-20.000000000000014,200.0,0.05
1568.0,-116.99999999999997,171.0,0.05
1569.0,-20.000000000000014,200.0,0.05
1570.0,-106.1,62.0,0.05
1571.0,-20.000000000000014,200.0,0.05
1572.0,-20.000000000000014,200.0,0.05
1573.0,-114.79999999999997,149.0,0.05
1574.0,-20.000000000000014,200.0,0.05
1575.0,-20.000000000000014,200.0,0.05
1576.0,5.0999999999999694,200.0,0.05
1577.0,-20.000000000000014,200.0,0.05
1578.0,5.100000000000012,200.0,0.05
1579.0,-20.000000000000014,200.0,0.05
1580.0,-20.000000000000014,200.0,0.05
1581.0,-20.000000000000014,200.0,0.05
1582.0,-20.000000000000014,200.0,0.05
1583.0,-20.000000000000014,200.0,0.05
1584.0,5.100000000000033,200.0,0.05
1585.0,-20.000000000000014,200.0,0.05
1586.0,-116.69999999999996,168.0,0.05
1587.0,-20.000000000000014,200.0,0.05
1588.0,-20.000000000000014,200.0,0.05
1589.0,-20.000000000000014,200.0,0.05
1590.0,-20.000000000000014,200.0,0.05
1591.0,-20.000000000000014,200.0,0.05
1592.0,-20.000000000000014,200.0,0.05
1593.0,-20.000000000000014,200.0,0.05
1594.0,-20.000000000000014,200.0,0.05
1595.0,-20.000000000000014,200.0,0.05
1596.0,-20.000000000000014,200.0,0.05
1597.0,-20.000000000000014,200.0,0.05
1598.0,-20.000000000000014,200.0,0.05
1599.0,-20.000000000000014,200.0,0.05
1600.0,-20.000000000000014,200.0,0.05
1601.0,-20.000000000000014,200.0,0.05
1602.0,5.100000000000055,200.0,0.05
1603.0,-20.000000000000014,200.0,0.05
1604.0,-20.000000000000014,200.0,0.05
1605.0,-20.000000000000014,200.0,0.05
1606.0,-20.000000000000014,200.0,0.05
1607.0,-20.000000000000014,200.0,0.05
1608.0,-115.79999999999995,159.0,0.05
1609.0,-20.000000000000014,200.0,0.05
1610.0,-20.000000000000014,200.0,0.05
1611.0,-20.000000000000014,200.0,0.05
1612.0,-20.000000000000014,200.0,0.05
1613.0,-103.7,38.0,0.05
1614.0,-100.8,9.0,0.05
1615.0,-20.000000000000014,200.0,0.05
1616.0,-20.000000000000014,200.0,0.05
1617.0,-20.000000000000014,200.0,0.05
1618.0,-20.000000000000014,200.0,0.05
1619.0,-103.2,33.0,0.05
1620.0,-109.09999999999998,92.0,0.05
1621.0,-111.39999999999998,115.0,0.05
1622.0,-114.19999999999996,143.0,0.05
1623.0,-20.000000000000014,200.0,0.05
1624.0,-20.000000000000014,200.0,0.05
1625.0,-20.000000000000014,200.0,0.05
1626.0,-20.000000000000014,200.0,0.05
1627.0,-20.000000000000014,200.0,0.05
1628.0,-104.5,46.0,0.05
1629.0,-20.000000000000014,200.0,0.05
1630.0,-20.000000000000014,200.0,0.05
1631.0,-20.000000000000014,200.0,0.05
1632.0,5.100000000000055,200.0,0.05
1633.0,-20.000000000000014,200.0,0.05
1634.0,-20.000000000000014,200.0,0.05
1635.0,-108.19999999999999,83.0,0.05
1636.0,-20.000000000000014,200.0,0.05
1637.0,-20.000000000000014,200.0,0.05
1638.0,5.0999999999999375,200.0,0.05
1639.0,5.099999999999955,200.0,0.05
1640.0,-20.000000000000014,200.0,0.05
1641.0,-20.000000000000014,200.0,0.05
1642.0,-20.000000000000014,200.0,0.05
1643.0,-20.000000000000014,200.0,0.05
1644.0,-108.1,82.0,0.05
1645.0,-20.000000000000014,200.0,0.05
1646.0,-20.000000000000014,200.0,0.05
1647.0,-20.000000000000014,200.0,0.05
1648.0,-20.000000000000014,200.0,0.05
1649.0,-20.000000000000014,200.0,0.05
1650.0,-20.000000000000014,200.0,0.05
1651.0,-20.000000000000014,200.0,0.05
1652.0,-20.000000000000014,200.0,0.05
1653.0,-20.000000000000014,200.0,0.05
1654.0,-20.000000000000014,200.0,0.05
1655.0,-20.000000000000014,200.0,0.05
1656.0,5.100000000000049,200.0,0.05
1657.0,-20.000000000000014,200.0,0.05
1658.0,-20.000000000000014,200.0,0.05
1659.0,-20.000000000000014,200.0,0.05
1660.0,-20.000000000000014,200.0,0.05
1661.0,-20.000000000000014,200.0,0.05
1662.0,-20.000000000000014,200.0,0.05
1663.0,-20.000000000000014,200.0,0.05
1664.0,-20.000000000000014,200.0,0.05
1665.0,-20.000000000000014,200.0,0.05
1666.0,-20.000000000000014,200.0,0.05
1667.0,-116.69999999999996,168.0,0.05
1668.0,-20.000000000000014,200.0,0.05
1669.0,-118.39999999999999,185.0,0.05
1670.0,-109.39999999999998,95.0,0.05
1671.0,-20.000000000000014,200.0,0.05
1672.0,-20.000000000000014,200.0,0.05
1673.0,-20.000000000000014,200.0,0.05
1674.0,-117.49999999999997,176.0,0.05
1675.0,-20.000000000000014,200.0,0.05
1676.0,-20.000000000000014,200.0,0.05
1677.0,-20.000000000000014,200.0,0.05
1678.0,5.100000000000048,200.0,0.05
1679.0,-20.000000000000014,200.0,0.05
1680.0,5.100000000000046,200.0,0.05
1681.0,-111.99999999999997,121.0,0.05
1682.0,-20.000000000000014,200.0,0.05
1683.0,-20.000000000000014,200.0,0.05
1684.0,-20.000000000000014,200.0,0.05
1685.0,-20.000000000000014,200.0,0.05
1686.0,-20.000000000000014,200.0,0.05
1687.0,-63.999999999999964,141.0,0.05
1688.0,-20.000000000000014,200.0,0.05
1689.0,-20.000000000000014,200.0,0.05
1690.0,-20.000000000000014,200.0,0.05
1691.0,-20.000000000000014,200.0,0.05
1692.0,-20.000000000000014,200.0,0.05
1693.0,-20.000000000000014,200.0,0.05
1694.0,-20.000000000000014,200.0,0.05
1695.0,-20.000000000000014,200.0,0.05
1696.0,-20.000000000000014,200.0,0.05
1697.0,5.099999999999984,200.0,0.05
1698.0,-20.000000000000014,200.0,0.05
1699.0,-20.000000000000014,200.0,0.05
1700.0,-20.000000000000014,200.0,0.05
1701.0,-115.59999999999997,157.0,0.05
1702.0,-20.000000000000014,200.0,0.05
1703.0,-20.000000000000014,200.0,0.05
1704.0,-20.000000000000014,200.0,0.05
1705.0,-20.000000000000014,200.0,0.05
1706.0,-20.000000000000014,200.0,0.05
1707.0,-20.000000000000014,200.0,0.05
1708.0,-20.000000000000014,200.0,0.05
1709.0,-20.000000000000014,200.0,0.05
1710.0,-20.000000000000014,200.0,0.05
1711.0,-104.9,50.0,0.05
1712.0,-20.000000000000014,200.0,0.05
1713.0,-20.000000000000014,200.0,0.05
1714.0,-20.000000000000014,200.0,0.05
1715.0,-20.000000000000014,200.0,0.05
1716.0,-20.000000000000014,200.0,0.05
1717.0,-20.000000000000014,200.0,0.05
1718.0,-20.000000000000014,200.0,0.05
1719.0,-20.000000000000014,200.0,0.05
1720.0,-20.000000000000014,200.0,0.05
1721.0,-20.000000000000014,200.0,0.05
1722.0,-20.000000000000014,200.0,0.05
1723.0,-20.000000000000014,200.0,0.05
1724.0,-20.000000000000014,200.0,0.05
1725.0,-101.4,15.0,0.05
1726.0,-20.000000000000014,200.0,0.05
1727.0,-20.000000000000014,200.0,0.05
1728.0,-20.000000000000014,200.0,0.05
1729.0,-20.000000000000014,200.0,0.05
1730.0,-20.000000000000014,200.0,0.05
1731.0,-20.000000000000014,200.0,0.05
1732.0,-20.000000000000014,200.0,0.05
1733.0,-20.000000000000014,200.0,0.05
1734.0,-20.000000000000014,200.0,0.05
1735.0,-111.49999999999997,116.0,0.05
1736.0,-20.000000000000014,200.0,0.05
1737.0,-20.000000000000014,200.0,0.05
1738.0,-20.000000000000014,200.0,0.05
1739.0,-20.000000000000014,200.0,0.05
1740.0,-20.000000000000014,200.0,0.05
1741.0,-20.000000000000014,200.0,0.05
1742.0,-20.000000000000014,200.0,0.05
1743.0,-109.19999999999999,93.0,0.05
1744.0,-108.29999999999998,84.0,0.05
1745.0,-20.000000000000014,200.0,0.05
1746.0,-20.000000000000014,200.0,0.05
1747.0,-20.000000000000014,200.0,0.05
1748.0,-20.000000000000014,200.0,0.05
1749.0,-20.000000000000014,200.0,0.05
1750.0,-107.79999999999998,79.0,0.05
1751.0,-20.000000000000014,200.0,0.05
1752.0,-20.000000000000014,200.0,0.05
1753.0,-20.000000000000014,200.0,0.05
1754.0,-20.000000000000014,200.0,0.05
1755.0,-20.000000000000014,200.0,0.05
1756.0,-20.000000000000014,200.0,0.05
1757.0,-20.000000000000014,200.0,0.05
1758.0,-20.000000000000014,200.0,0.05
1759.0,-20.000000000000014,200.0,0.05
1760.0,-115.49999999999996,156.0,0.05
1761.0,-20.000000000000014,200.0,0.05
1762.0,-20.000000000000014,200.0,0.05
1763.0,-102.7,28.0,0.05
1764.0,-20.000000000000014,200.0,0.05
1765.0,-20.000000000000014,200.0,0.05
1766.0,-20.000000000000014,200.0,0.05
1767.0,-101.7,18.0,0.05
1768.0,-20.000000000000014,200.0,0.05
1769.0,-20.000000000000014,200.0,0.05
1770.0,-20.000000000000014,200.0,0.05
1771.0,-103.3,34.0,0.05
1772.0,-20.000000000000014,200.0,0.05
1773.0,-20.000000000000014,200.0,0.05
1774.0,-20.000000000000014,200.0,0.05
1775.0,-20.000000000000014,200.0,0.05
1776.0,-107.89999999999999,80.0,0.05
1777.0,-114.89999999999996,150.0,0.05
1778.0,-20.000000000000014,200.0,0.05
1779.0,-20.000000000000014,200.0,0.05
1780.0,-20.000000000000014,200.0,0.05
1781.0,-20.000000000000014,200.0,0.05
1782.0,-20.000000000000014,200.0,0.05
1783.0,-20.000000000000014,200.0,0.05
1784.0,-20.000000000000014,200.0,0.05
1785.0,-20.000000000000014,200.0,0.05
1786.0,-104.9,50.0,0.05
1787.0,-108.99999999999999,91.0,0.05
1788.0,-104.8,49.0,0.05
1789.0,-20.000000000000014,200.0,0.05
1790.0,-20.000000000000014,200.0,0.05
1791.0,-20.000000000000014,200.0,0.05
1792.0,-20.000000000000014,200.0,0.05
1793.0,-20.000000000000014,200.0,0.05
1794.0,-20.000000000000014,200.0,0.05
1795.0,-117.49999999999997,176.0,0.05
1796.0,-20.000000000000014,200.0,0.05
1797.0,-20.000000000000014,200.0,0.05
1798.0,-20.000000000000014,200.0,0.05
1799.0,-20.000000000000014,200.0,0.05
1800.0,-20.000000000000014,200.0,0.05
1801.0,-20.000000000000014,200.0,0.05
1802.0,-20.000000000000014,200.0,0.05
1803.0,-20.000000000000014,200.0,0.05
1804.0,-20.000000000000014,200.0,0.05
1805.0,-20.000000000000014,200.0,0.05
1806.0,-20.000000000000014,200.0,0.05
1807.0,-20.000000000000014,200.0,0.05
1808.0,-20.000000000000014,200.0,0.05
1809.0,-114.59999999999997,147.0,0.05
1810.0,-20.000000000000014,200.0,0.05
1811.0,-20.000000000000014,200.0,0.05
1812.0,-20.000000000000014,200.0,0.05
1813.0,-20.000000000000014,200.0,0.05
1814.0,-20.000000000000014,200.0,0.05
1815.0,-20.000000000000014,200.0,0.05
1816.0,-20.000000000000014,200.0,0.05
1817.0,-20.000000000000014,200.0,0.05
1818.0,-20.000000000000014,200.0,0.05
1819.0,-20.000000000000014,200.0,0.05
1820.0,-20.000000000000014,200.0,0.05
1821.0,-20.000000000000014,200.0,0.05
1822.0,-20.000000000000014,200.0,0.05
1823.0,-20.000000000000014,200.0,0.05
1824.0,-20.000000000000014,200.0,0.05
1825.0,-20.000000000000014,200.0,0.05
1826.0,-20.000000000000014,200.0,0.05
1827.0,-20.000000000000014,200.0,0.05
1828.0,-20.000000000000014,200.0,0.05
1829.0,-20.000000000000014,200.0,0.05
1830.0,-20.000000000000014,200.0,0.05
1831.0,-20.000000000000014,200.0,0.05
1832.0,-20.000000000000014,200.0,0.05
1833.0,-20.000000000000014,200.0,0.05
1834.0,-20.000000000000014,200.0,0.05
1835.0,-20.000000000000014,200.0,0.05
1836.0,-20.000000000000014,200.0,0.05
1837.0,-20.000000000000014,200.0,0.05
1838.0,-20.000000000000014,200.0,0.05
1839.0,-20.000000000000014,200.0,0.05
1840.0,-20.000000000000014,200.0,0.05
1841.0,-20.000000000000014,200.0,0.05
1842.0,-20.000000000000014,200.0,0.05
1843.0,-20.000000000000014,200.0,0.05
1844.0,-20.000000000000014,200.0,0.05
1845.0,-20.000000000000014,200.0,0.05
1846.0,-20.000000000000014,200.0,0.05
1847.0,-20.000000000000014,200.0,0.05
1848.0,-20.000000000000014,200.0,0.05
1849.0,-20.000000000000014,200.0,0.05
1850.0,-20.000000000000014,200.0,0.05
1851.0,-20.000000000000014,200.0,0.05
1852.0,-20.000000000000014,200.0,0.05
1853.0,-20.000000000000014,200.0,0.05
1854.0,-20.000000000000014,200.0,0.05
1855.0,-20.000000000000014,200.0,0.05
1856.0,-20.000000000000014,200.0,0.05
1857.0,-20.000000000000014,200.0,0.05
1858.0,-20.000000000000014,200.0,0.05
1859.0,-20.000000000000014,200.0,0.05
1860.0,-20.000000000000014,200.0,0.05
1861.0,5.100000000000055,200.0,0.05
1862.0,-20.000000000000014,200.0,0.05
1863.0,-20.000000000000014,200.0,0.05
1864.0,-20.000000000000014,200.0,0.05
1865.0,-20.000000000000014,200.0,0.05
1866.0,-20.000000000000014,200.0,0.05
1867.0,-20.000000000000014,200.0,0.05
1868.0,-20.000000000000014,200.0,0.05
1869.0,-20.000000000000014,200.0,0.05
1870.0,-20.000000000000014,200.0,0.05
1871.0,-20.000000000000014,200.0,0.05
1872.0,-20.000000000000014,200.0,0.05
1873.0,-20.000000000000014,200.0,0.05
1874.0,-20.000000000000014,200.0,0.05
1875.0,-20.000000000000014,200.0,0.05
1876.0,-101.6,17.0,0.05
1877.0,-20.000000000000014,200.0,0.05
1878.0,-111.99999999999997,121.0,0.05
1879.0,-20.000000000000014,200.0,0.05
1880.0,-20.000000000000014,200.0,0.05
1881.0,-20.000000000000014,200.0,0.05
1882.0,-20.000000000000014,200.0,0.05
1883.0,-20.000000000000014,200.0,0.05
1884.0,-104.3,44.0,0.05
1885.0,-20.000000000000014,200.0,0.05
1886.0,-20.000000000000014,200.0,0.05
1887.0,-20.000000000000014,200.0,0.05
1888.0,-20.000000000000014,200.0,0.05
1889.0,-20.000000000000014,200.0,0.05
1890.0,-20.000000000000014,200.0,0.05
1891.0,-20.000000000000014,200.0,0.05
1892.0,5.100000000000039,200.0,0.05
1893.0,5.100000000000033,200.0,0.05
1894.0,-118.8,189.0,0.05
1895.0,-20.000000000000014,200.0,0.05
1896.0,-20.000000000000014,200.0,0.05
1897.0,5.099999999999987,200.0,0.05
1898.0,-20.000000000000014,200.0,0.05
1899.0,5.100000000000055,200.0,0.05
1900.0,-20.000000000000014,200.0,0.05
1901.0,-20.000000000000014,200.0,0.05
1902.0,-20.000000000000014,200.0,0.05
1903.0,-20.000000000000014,200.0,0.05
1904.0,-20.000000000000014,200.0,0.05
1905.0,-20.000000000000014,200.0,0.05
1906.0,-111.09999999999998,112.0,0.05
1907.0,-20.000000000000014,200.0,0.05
1908.0,-110.99999999999997,111.0,0.05
1909.0,5.099999999999998,200.0,0.05
1910.0,-20.000000000000014,200.0,0.05
1911.0,-20.000000000000014,200.0,0.05
1912.0,-20.000000000000014,200.0,0.05
1913.0,-110.09999999999998,102.0,0.05
1914.0,-20.000000000000014,200.0,0.05
1915.0,-20.000000000000014,200.0,0.05
1916.0,-20.000000000000014,200.0,0.05
1917.0,-20.000000000000014,200.0,0.05
1918.0,-62.99999999999997,131.0,0.05
1919.0,-20.000000000000014,200.0,0.05
1920.0,-20.000000000000014,200.0,0.05
1921.0,-20.000000000000014,200.0,0.05
1922.0,-20.000000000000014,200.0,0.05
1923.0,-20.000000000000014,200.0,0.05
1924.0,-20.000000000000014,200.0,0.05
1925.0,-20.000000000000014,200.0,0.05
1926.0,-20.000000000000014,200.0,0.05
1927.0,-20.000000000000014,200.0,0.05
1928.0,-20.000000000000014,200.0,0.05
1929.0,-20.000000000000014,200.0,0.05
1930.0,-65.79999999999995,159.0,0.05
1931.0,-20.000000000000014,200.0,0.05
1932.0,-20.000000000000014,200.0,0.05
1933.0,5.100000000000055,200.0,0.05
1934.0,-20.000000000000014,200.0,0.05
1935.0,-20.000000000000014,200.0,0.05
1936.0,-20.000000000000014,200.0,0.05
1937.0,-20.000000000000014,200.0,0.05
1938.0,-109.69999999999999,98.0,0.05
1939.0,-20.000000000000014,200.0,0.05
1940.0,-20.000000000000014,200.0,0.05
1941.0,-20.000000000000014,200.0,0.05
1942.0,-102.2,23.0,0.05
1943.0,-20.000000000000014,200.0,0.05
1944.0,-20.000000000000014,200.0,0.05
1945.0,-20.000000000000014,200.0,0.05
1946.0,-20.000000000000014,200.0,0.05
1947.0,-20.000000000000014,200.0,0.05
1948.0,-20.000000000000014,200.0,0.05
1949.0,-20.000000000000014,200.0,0.05
1950.0,-20.000000000000014,200.0,0.05
1951.0,-20.000000000000014,200.0,0.05
1952.0,-20.000000000000014,200.0,0.05
1953.0,-20.000000000000014,200.0,0.05
1954.0,-20.000000000000014,200.0,0.05
1955.0,-20.000000000000014,200.0,0.05
1956.0,-20.000000000000014,200.0,0.05
1957.0,-20.000000000000014,200.0,0.05
1958.0,5.099999999999934,200.0,0.05
1959.0,-20.000000000000014,200.0,0.05
1960.0,5.100000000000037,200.0,0.05
1961.0,5.099999999999962,200.0,0.05
1962.0,5.100000000000016,200.0,0.05
1963.0,-20.000000000000014,200.0,0.05
1964.0,-20.000000000000014,200.0,0.05
1965.0,-20.000000000000014,200.0,0.05
1966.0,5.100000000000053,200.0,0.05
1967.0,5.100000000000055,200.0,0.05
1968.0,5.0999999999999375,200.0,0.05
1969.0,5.09999999999998,200.0,0.05
1970.0,5.100000000000055,200.0,0.05
1971.0,5.100000000000012,200.0,0.05
1972.0,5.100000000000055,200.0,0.05
1973.0,5.100000000000039,200.0,0.05
1974.0,5.099999999999959,200.0,0.05
1975.0,5.099999999999966,200.0,0.05
1976.0,-20.000000000000014,200.0,0.05
1977.0,5.099999999999941,200.0,0.05
1978.0,-20.000000000000014,200.0,0.05
1979.0,5.099999999999955,200.0,0.05
1980.0,5.100000000000039,200.0,0.05
1981.0,5.100000000000005,200.0,0.05
1982.0,-20.000000000000014,200.0,0.05
1983.0,-20.000000000000014,200.0,0.05
1984.0,5.100000000000026,200.0,0.05
1985.0,-20.000000000000014,200.0,0.05
1986.0,5.099999999999948,200.0,0.05
1987.0,5.099999999999962,200.0,0.05
1988.0,5.0999999999999375,200.0,0.05
1989.0,5.0999999999999694,200.0,0.05
1990.0,5.0999999999999375,200.0,0.05
1991.0,-20.000000000000014,200.0,0.05
1992.0,5.099999999999984,200.0,0.05
1993.0,5.099999999999998,200.0,0.05
1994.0,5.100000000000053,200.0,0.05
1995.0,5.099999999999941,200.0,0.05
1996.0,5.100000000000055,200.0,0.05
1997.0,5.100000000000055,200.0,0.05
1998.0,5.099999999999945,200.0,0.05
1999.0,5.100000000000033,200.0,0.05
2000.0,5.100000000000005,200.0,0.05
